VBELN,LFART,ERDAT,LFDAT,WADAT_IST
80000001,LF,2025-01-27,2025-01-31,2025-02-04
80000002,LF,2025-04-15,2025-04-24,2025-04-23
80000003,LR,2025-03-02,2025-03-09,2025-03-09
80000004,LF,2025-02-15,2025-02-20,2025-02-27
80000005,LF,2025-03-27,2025-04-06,2025-04-13
80000006,LF,2025-03-05,2025-03-15,2025-03-15
80000007,LF,2025-06-29,2025-07-08,2025-07-08
80000008,LF,2025-01-10,2025-01-13,2025-01-11
80000009,LF,2025-04-28,2025-05-07,2025-05-06
80000010,LF,2025-02-28,2025-03-05,2025-03-05
80000011,LF,2025-01-18,2025-01-23,2025-01-28
80000012,LF,2025-05-11,2025-05-15,2025-05-13
80000013,LF,2025-05-18,2025-05-28,2025-05-28
80000014,LF,2025-01-30,2025-02-04,2025-02-03
80000015,LF,2025-04-22,2025-05-01,2025-05-02
80000016,LF,2025-05-11,2025-05-14,2025-05-12
80000017,LF,2025-05-28,2025-06-05,2025-06-07
80000018,LF,2025-05-18,2025-05-21,2025-05-21
80000019,LF,2025-01-18,2025-01-22,2025-01-22
80000020,LR,2025-06-19,2025-06-23,2025-06-26
80000021,LF,2025-03-18,2025-03-26,2025-03-27
80000022,LF,2025-04-15,2025-04-22,2025-04-21
80000023,LF,2025-03-17,2025-03-21,2025-03-20
80000024,LF,2025-04-18,2025-04-28,2025-04-27
80000025,LR,2025-02-14,2025-02-23,2025-02-23
80000026,LF,2025-04-14,2025-04-23,2025-04-30
80000027,LF,2025-03-19,2025-03-26,2025-03-30
80000028,LF,2025-05-29,2025-06-01,2025-05-31
80000029,LF,2025-04-30,2025-05-04,2025-05-04
80000030,LF,2025-02-24,2025-03-06,2025-03-05
80000031,LF,2025-02-13,2025-02-16,2025-02-14
80000032,LF,2025-06-19,2025-06-24,2025-06-22
80000033,LF,2025-03-02,2025-03-12,2025-03-12
80000034,LF,2025-02-20,2025-02-28,2025-02-27
80000035,LF,2025-03-04,2025-03-12,2025-03-11
80000036,LF,2025-01-19,2025-01-23,2025-01-21
80000037,LF,2025-06-11,2025-06-21,2025-06-20
80000038,LF,2025-06-28,2025-07-04,2025-07-04
80000039,LF,2025-03-04,2025-03-12,2025-03-10
80000040,LF,2025-01-02,2025-01-05,2025-01-05
80000041,LF,2025-02-26,2025-03-02,2025-03-01
80000042,LF,2025-06-28,2025-07-05,2025-07-05
80000043,LF,2025-05-23,2025-05-28,2025-05-28
80000044,LF,2025-02-01,2025-02-04,2025-02-03
80000045,LF,2025-04-29,2025-05-08,2025-05-06
80000046,LF,2025-06-02,2025-06-07,2025-06-07
80000047,LF,2025-04-24,2025-04-30,2025-04-29
80000048,LF,2025-05-10,2025-05-13,2025-05-16
80000049,LF,2025-05-21,2025-05-24,2025-05-23
80000050,LF,2025-05-02,2025-05-06,2025-05-06
80000051,LF,2025-03-05,2025-03-12,2025-03-10
80000052,LF,2025-05-14,2025-05-20,2025-05-22
80000053,LF,2025-03-12,2025-03-16,2025-03-15
80000054,LF,2025-03-15,2025-03-23,2025-03-21
80000055,LF,2025-03-23,2025-03-26,2025-03-26
80000056,LF,2025-02-08,2025-02-16,2025-02-16
80000057,LF,2025-02-09,2025-02-15,2025-02-13
80000058,LF,2025-04-15,2025-04-25,2025-04-24
80000059,LF,2025-04-17,2025-04-25,2025-04-25
80000060,LF,2025-04-18,2025-04-23,2025-04-25
80000061,LF,2025-05-30,2025-06-05,2025-06-05
80000062,LF,2025-05-28,2025-06-05,2025-06-03
80000063,LF,2025-04-01,2025-04-11,2025-04-17
80000064,LF,2025-04-18,2025-04-22,2025-04-27
80000065,LF,2025-05-20,2025-05-27,2025-05-26
80000066,LF,2025-05-05,2025-05-14,2025-05-12
80000067,LF,2025-05-05,2025-05-13,2025-05-13
80000068,LF,2025-06-21,2025-06-28,2025-07-03
80000069,LF,2025-05-17,2025-05-26,2025-05-25
80000070,LF,2025-06-01,2025-06-11,2025-06-10
80000071,LF,2025-01-22,2025-01-26,2025-01-24
80000072,LF,2025-04-29,2025-05-06,2025-05-05
80000073,LF,2025-04-08,2025-04-13,2025-04-13
80000074,LF,2025-03-25,2025-04-03,2025-04-07
80000075,LF,2025-04-08,2025-04-13,2025-04-14
80000076,LF,2025-04-18,2025-04-24,2025-04-22
80000077,LF,2025-05-01,2025-05-07,2025-05-07
80000078,LF,2025-01-14,2025-01-19,2025-01-23
80000079,LF,2025-01-18,2025-01-21,2025-01-19
80000080,LF,2025-03-05,2025-03-08,2025-03-07
80000081,LF,2025-05-02,2025-05-08,2025-05-07
80000082,LF,2025-02-25,2025-03-02,2025-03-06
80000083,LF,2025-04-05,2025-04-11,2025-04-10
80000084,LF,2025-01-30,2025-02-08,2025-02-06
80000085,LF,2025-01-28,2025-02-02,2025-02-02
80000086,LF,2025-03-21,2025-03-25,2025-03-24
80000087,LF,2025-04-07,2025-04-10,2025-04-08
80000088,LF,2025-06-10,2025-06-17,2025-06-17
80000089,LF,2025-03-19,2025-03-29,2025-03-31
80000090,LF,2025-05-25,2025-06-04,2025-06-03
80000091,LF,2025-04-20,2025-04-24,2025-04-24
80000092,LF,2025-06-15,2025-06-25,2025-06-24
80000093,LF,2025-04-18,2025-04-26,2025-04-26
80000094,LF,2025-04-03,2025-04-09,2025-04-07
80000095,LF,2025-06-16,2025-06-21,2025-06-19
80000096,LF,2025-06-01,2025-06-07,2025-06-12
80000097,LF,2025-03-04,2025-03-14,2025-03-14
80000098,LF,2025-04-26,2025-05-06,2025-05-07
80000099,LF,2025-05-26,2025-06-02,2025-06-01
80000100,LF,2025-03-25,2025-03-31,2025-03-30
80000101,LR,2025-04-01,2025-04-08,2025-04-07
80000102,LF,2025-06-02,2025-06-06,2025-06-04
80000103,LF,2025-05-13,2025-05-19,2025-05-17
80000104,LF,2025-04-15,2025-04-18,2025-04-17
80000105,LF,2025-03-03,2025-03-06,2025-03-06
80000106,LR,2025-05-06,2025-05-16,2025-05-14
80000107,LF,2025-01-24,2025-01-29,2025-01-27
80000108,LF,2025-06-27,2025-07-01,2025-07-04
80000109,LF,2025-05-29,2025-06-01,2025-06-08
80000110,LF,2025-05-21,2025-05-30,2025-05-30
80000111,LR,2025-04-27,2025-05-06,2025-05-05
80000112,LF,2025-03-01,2025-03-11,2025-03-12
80000113,LF,2025-06-26,2025-07-01,2025-06-30
80000114,LF,2025-05-04,2025-05-07,2025-05-07
80000115,LF,2025-05-15,2025-05-18,2025-05-18
80000116,LF,2025-01-26,2025-02-04,2025-02-03
80000117,LF,2025-04-03,2025-04-08,2025-04-08
80000118,LF,2025-05-17,2025-05-22,2025-05-29
80000119,LF,2025-01-14,2025-01-22,2025-01-22
80000120,LF,2025-02-02,2025-02-05,2025-02-03
80000121,LF,2025-01-04,2025-01-09,2025-01-09
80000122,LF,2025-05-03,2025-05-08,2025-05-07
80000123,LF,2025-01-14,2025-01-23,2025-01-23
80000124,LF,2025-05-03,2025-05-13,2025-05-12
80000125,LF,2025-04-13,2025-04-18,2025-04-17
80000126,LF,2025-06-11,2025-06-18,2025-06-20
80000127,LF,2025-03-05,2025-03-14,2025-03-17
80000128,LF,2025-06-08,2025-06-12,2025-06-11
80000129,LF,2025-04-08,2025-04-13,2025-04-13
80000130,LF,2025-03-18,2025-03-27,2025-03-26
80000131,LF,2025-03-20,2025-03-27,2025-03-25
80000132,LF,2025-06-06,2025-06-09,2025-06-14
80000133,LF,2025-01-21,2025-01-29,2025-01-27
80000134,LF,2025-05-22,2025-05-31,2025-06-05
80000135,LF,2025-04-15,2025-04-19,2025-04-23
80000136,LF,2025-04-27,2025-05-05,2025-05-08
80000137,LF,2025-03-09,2025-03-18,2025-03-17
80000138,LF,2025-02-20,2025-02-24,2025-03-01
80000139,LF,2025-02-06,2025-02-12,2025-02-10
80000140,LF,2025-05-26,2025-06-02,2025-05-31
80000141,LR,2025-04-30,2025-05-07,2025-05-06
80000142,LF,2025-03-11,2025-03-20,2025-03-18
80000143,LF,2025-04-23,2025-05-01,2025-04-30
80000144,LF,2025-04-21,2025-05-01,2025-04-30
80000145,LF,2025-01-07,2025-01-12,2025-01-12
80000146,LF,2025-06-22,2025-06-26,2025-06-26
80000147,LF,2025-01-06,2025-01-09,2025-01-12
80000148,LF,2025-02-14,2025-02-22,2025-03-01
80000149,LF,2025-04-24,2025-05-04,2025-05-02
80000150,LF,2025-05-06,2025-05-15,2025-05-18
80000151,LF,2025-04-15,2025-04-20,2025-04-22
80000152,LF,2025-01-27,2025-02-03,2025-02-09
80000153,LF,2025-06-27,2025-07-05,2025-07-04
80000154,LF,2025-01-23,2025-02-02,2025-02-01
80000155,LR,2025-01-30,2025-02-05,2025-02-04
80000156,LF,2025-01-01,2025-01-08,2025-01-14
80000157,LR,2025-01-14,2025-01-20,2025-01-22
80000158,LR,2025-06-09,2025-06-19,2025-06-17
80000159,LF,2025-01-14,2025-01-17,2025-01-16
80000160,LF,2025-06-28,2025-07-01,2025-06-30
80000161,LF,2025-06-11,2025-06-15,2025-06-15
80000162,LF,2025-02-10,2025-02-14,2025-02-19
80000163,LF,2025-05-22,2025-05-27,2025-05-26
80000164,LF,2025-01-30,2025-02-08,2025-02-08
80000165,LF,2025-06-15,2025-06-18,2025-06-18
80000166,LF,2025-03-16,2025-03-22,2025-03-21
80000167,LF,2025-04-17,2025-04-26,2025-04-24
80000168,LF,2025-03-04,2025-03-10,2025-03-08
80000169,LF,2025-04-09,2025-04-18,2025-04-20
80000170,LF,2025-05-11,2025-05-19,2025-05-20
80000171,LF,2025-03-12,2025-03-17,2025-03-17
80000172,LF,2025-05-10,2025-05-14,2025-05-20
80000173,LF,2025-03-14,2025-03-20,2025-03-18
80000174,LF,2025-05-29,2025-06-02,2025-06-04
80000175,LF,2025-04-25,2025-05-01,2025-04-30
80000176,LF,2025-03-27,2025-03-31,2025-03-31
80000177,LF,2025-04-07,2025-04-17,2025-04-23
80000178,LF,2025-02-18,2025-02-24,2025-02-22
80000179,LF,2025-03-01,2025-03-05,2025-03-05
80000180,LF,2025-05-02,2025-05-10,2025-05-09
80000181,LF,2025-06-19,2025-06-26,2025-06-26
80000182,LF,2025-01-10,2025-01-18,2025-01-21
80000183,LF,2025-04-23,2025-05-01,2025-04-30
80000184,LF,2025-04-27,2025-05-03,2025-05-03
80000185,LF,2025-04-15,2025-04-19,2025-04-17
80000186,LF,2025-03-09,2025-03-14,2025-03-14
80000187,LF,2025-04-12,2025-04-19,2025-04-17
80000188,LF,2025-06-22,2025-06-28,2025-06-26
80000189,LF,2025-01-10,2025-01-15,2025-01-21
80000190,LF,2025-06-11,2025-06-17,2025-06-17
80000191,LF,2025-01-24,2025-02-02,2025-01-31
80000192,LF,2025-06-12,2025-06-22,2025-06-27
80000193,LF,2025-06-27,2025-07-07,2025-07-11
80000194,LF,2025-01-12,2025-01-15,2025-01-14
80000195,LF,2025-03-17,2025-03-22,2025-03-20
80000196,LF,2025-02-07,2025-02-12,2025-02-10
80000197,LF,2025-05-25,2025-05-30,2025-05-30
80000198,LR,2025-01-21,2025-01-27,2025-01-26
80000199,LF,2025-05-30,2025-06-07,2025-06-05
80000200,LF,2025-06-13,2025-06-22,2025-06-25
80000201,LF,2025-04-30,2025-05-10,2025-05-17
80000202,LF,2025-02-10,2025-02-13,2025-02-11
80000203,LF,2025-03-30,2025-04-03,2025-04-02
80000204,LF,2025-04-19,2025-04-25,2025-04-24
80000205,LF,2025-03-19,2025-03-22,2025-03-20
80000206,LF,2025-05-04,2025-05-09,2025-05-07
80000207,LF,2025-05-27,2025-05-31,2025-05-29
80000208,LF,2025-06-29,2025-07-07,2025-07-09
80000209,LF,2025-06-18,2025-06-22,2025-06-22
80000210,LF,2025-05-25,2025-06-02,2025-06-02
80000211,LF,2025-05-08,2025-05-12,2025-05-12
80000212,LF,2025-02-28,2025-03-03,2025-03-09
80000213,LF,2025-02-26,2025-03-06,2025-03-04
80000214,LR,2025-06-23,2025-06-29,2025-06-29
80000215,LF,2025-06-10,2025-06-19,2025-06-17
80000216,LF,2025-04-23,2025-04-28,2025-05-03
80000217,LF,2025-02-03,2025-02-09,2025-02-11
80000218,LF,2025-03-25,2025-04-04,2025-04-07
80000219,LF,2025-02-03,2025-02-12,2025-02-11
80000220,LF,2025-04-04,2025-04-09,2025-04-07
80000221,LF,2025-03-11,2025-03-21,2025-03-23
80000222,LF,2025-03-28,2025-04-05,2025-04-04
80000223,LR,2025-01-20,2025-01-24,2025-01-22
80000224,LF,2025-02-27,2025-03-07,2025-03-06
80000225,LF,2025-05-23,2025-06-01,2025-05-30
80000226,LF,2025-04-12,2025-04-15,2025-04-15
80000227,LF,2025-02-01,2025-02-05,2025-02-03
80000228,LF,2025-06-22,2025-06-29,2025-06-29
80000229,LF,2025-06-13,2025-06-21,2025-06-20
80000230,LF,2025-03-01,2025-03-11,2025-03-12
80000231,LF,2025-05-24,2025-05-29,2025-05-31
80000232,LF,2025-02-26,2025-03-07,2025-03-07
80000233,LF,2025-04-29,2025-05-09,2025-05-07
80000234,LF,2025-01-30,2025-02-06,2025-02-05
80000235,LF,2025-01-10,2025-01-18,2025-01-16
80000236,LF,2025-05-18,2025-05-27,2025-05-25
80000237,LF,2025-04-05,2025-04-15,2025-04-15
80000238,LF,2025-05-06,2025-05-09,2025-05-09
80000239,LF,2025-03-13,2025-03-23,2025-03-23
80000240,LF,2025-02-25,2025-02-28,2025-03-07
80000241,LF,2025-03-02,2025-03-08,2025-03-10
80000242,LF,2025-06-25,2025-07-02,2025-07-05
80000243,LF,2025-06-15,2025-06-19,2025-06-18
80000244,LF,2025-03-12,2025-03-21,2025-03-19
80000245,LF,2025-06-14,2025-06-20,2025-06-18
80000246,LF,2025-01-13,2025-01-22,2025-01-21
80000247,LF,2025-02-02,2025-02-08,2025-02-09
80000248,LF,2025-05-22,2025-05-27,2025-05-25
80000249,LF,2025-03-01,2025-03-11,2025-03-09
80000250,LF,2025-06-02,2025-06-08,2025-06-06
80000251,LF,2025-02-07,2025-02-12,2025-02-12
80000252,LF,2025-02-14,2025-02-20,2025-02-20
80000253,LF,2025-01-07,2025-01-14,2025-01-12
80000254,LF,2025-03-02,2025-03-08,2025-03-06
80000255,LF,2025-02-14,2025-02-19,2025-02-18
80000256,LF,2025-04-18,2025-04-26,2025-04-24
80000257,LF,2025-01-17,2025-01-26,2025-01-26
80000258,LF,2025-04-03,2025-04-13,2025-04-11
80000259,LF,2025-06-07,2025-06-17,2025-06-17
80000260,LF,2025-06-18,2025-06-27,2025-06-25
80000261,LR,2025-05-03,2025-05-07,2025-05-05
80000262,LF,2025-01-28,2025-02-02,2025-02-06
80000263,LF,2025-03-24,2025-03-31,2025-03-31
80000264,LF,2025-02-02,2025-02-12,2025-02-16
80000265,LF,2025-05-30,2025-06-05,2025-06-12
80000266,LF,2025-04-08,2025-04-17,2025-04-20
80000267,LF,2025-04-27,2025-05-01,2025-05-01
80000268,LF,2025-06-16,2025-06-22,2025-06-22
80000269,LF,2025-02-25,2025-03-02,2025-03-01
80000270,LF,2025-04-27,2025-05-01,2025-04-30
80000271,LF,2025-06-20,2025-06-26,2025-06-24
80000272,LF,2025-02-09,2025-02-13,2025-02-11
80000273,LF,2025-01-22,2025-01-27,2025-01-25
80000274,LF,2025-04-06,2025-04-14,2025-04-12
80000275,LF,2025-05-31,2025-06-07,2025-06-06
80000276,LF,2025-06-21,2025-06-25,2025-06-24
80000277,LR,2025-01-14,2025-01-24,2025-01-22
80000278,LF,2025-04-01,2025-04-07,2025-04-07
80000279,LF,2025-02-24,2025-02-27,2025-02-25
80000280,LF,2025-02-27,2025-03-08,2025-03-06
80000281,LF,2025-05-23,2025-05-27,2025-05-26
80000282,LF,2025-03-13,2025-03-23,2025-03-24
80000283,LF,2025-04-20,2025-04-30,2025-05-05
80000284,LF,2025-06-09,2025-06-16,2025-06-20
80000285,LF,2025-05-23,2025-06-02,2025-06-01
80000286,LF,2025-06-18,2025-06-26,2025-06-24
80000287,LF,2025-03-11,2025-03-20,2025-03-20
80000288,LF,2025-03-31,2025-04-06,2025-04-13
80000289,LF,2025-02-06,2025-02-12,2025-02-12
80000290,LF,2025-01-18,2025-01-24,2025-01-23
80000291,LR,2025-01-08,2025-01-13,2025-01-12
80000292,LF,2025-03-29,2025-04-01,2025-04-01
80000293,LF,2025-03-25,2025-04-03,2025-04-02
80000294,LF,2025-01-14,2025-01-17,2025-01-18
80000295,LF,2025-06-08,2025-06-15,2025-06-14
80000296,LF,2025-03-11,2025-03-18,2025-03-22
80000297,LF,2025-05-05,2025-05-15,2025-05-13
80000298,LR,2025-01-30,2025-02-06,2025-02-06
80000299,LF,2025-03-14,2025-03-17,2025-03-20
80000300,LF,2025-06-20,2025-06-24,2025-07-01
80000301,LF,2025-04-12,2025-04-19,2025-04-20
80000302,LF,2025-02-22,2025-03-01,2025-02-27
80000303,LF,2025-02-05,2025-02-12,2025-02-14
80000304,LR,2025-01-31,2025-02-03,2025-02-01
80000305,LF,2025-04-21,2025-04-28,2025-04-27
80000306,LF,2025-05-17,2025-05-24,2025-05-25
80000307,LF,2025-06-21,2025-06-28,2025-06-28
80000308,LF,2025-01-11,2025-01-20,2025-01-22
80000309,LF,2025-01-20,2025-01-30,2025-02-06
80000310,LF,2025-05-27,2025-06-01,2025-06-01
80000311,LF,2025-04-17,2025-04-22,2025-04-20
80000312,LF,2025-01-06,2025-01-10,2025-01-10
80000313,LF,2025-06-08,2025-06-16,2025-06-14
80000314,LF,2025-04-03,2025-04-10,2025-04-08
80000315,LF,2025-03-21,2025-03-25,2025-03-24
80000316,LF,2025-02-13,2025-02-22,2025-02-28
80000317,LF,2025-01-30,2025-02-06,2025-02-06
80000318,LF,2025-03-31,2025-04-05,2025-04-10
80000319,LF,2025-06-15,2025-06-22,2025-06-20
80000320,LF,2025-02-07,2025-02-12,2025-02-11
80000321,LR,2025-06-04,2025-06-11,2025-06-14
80000322,LF,2025-06-17,2025-06-25,2025-07-01
80000323,LF,2025-06-10,2025-06-20,2025-06-18
80000324,LF,2025-05-25,2025-05-31,2025-05-29
80000325,LF,2025-06-10,2025-06-15,2025-06-13
80000326,LF,2025-01-18,2025-01-21,2025-01-20
80000327,LF,2025-03-19,2025-03-24,2025-03-27
80000328,LF,2025-04-01,2025-04-10,2025-04-12
80000329,LF,2025-04-29,2025-05-04,2025-05-10
80000330,LF,2025-01-24,2025-02-03,2025-02-02
80000331,LF,2025-04-09,2025-04-14,2025-04-12
80000332,LF,2025-01-11,2025-01-15,2025-01-14
80000333,LF,2025-05-27,2025-05-31,2025-06-03
80000334,LF,2025-05-02,2025-05-06,2025-05-07
80000335,LR,2025-01-16,2025-01-19,2025-01-20
80000336,LF,2025-02-14,2025-02-21,2025-02-21
80000337,LF,2025-04-23,2025-04-27,2025-04-27
80000338,LF,2025-06-06,2025-06-11,2025-06-09
80000339,LR,2025-03-14,2025-03-19,2025-03-17
80000340,LF,2025-03-28,2025-04-05,2025-04-04
80000341,LF,2025-03-14,2025-03-21,2025-03-19
80000342,LF,2025-06-18,2025-06-23,2025-06-28
80000343,LF,2025-03-27,2025-04-06,2025-04-05
80000344,LF,2025-06-17,2025-06-26,2025-06-26
80000345,LF,2025-01-22,2025-01-25,2025-01-25
80000346,LF,2025-06-14,2025-06-18,2025-06-25
80000347,LF,2025-06-21,2025-06-26,2025-06-25
80000348,LF,2025-06-21,2025-07-01,2025-07-03
80000349,LF,2025-01-05,2025-01-11,2025-01-18
80000350,LF,2025-02-05,2025-02-12,2025-02-11
80000351,LF,2025-05-15,2025-05-23,2025-05-22
80000352,LF,2025-06-08,2025-06-13,2025-06-12
80000353,LF,2025-02-09,2025-02-17,2025-02-21
80000354,LF,2025-06-27,2025-07-06,2025-07-06
80000355,LF,2025-02-12,2025-02-17,2025-02-15
80000356,LF,2025-04-04,2025-04-14,2025-04-13
80000357,LF,2025-06-06,2025-06-11,2025-06-10
80000358,LF,2025-04-25,2025-04-29,2025-04-27
80000359,LF,2025-03-21,2025-03-25,2025-03-25
80000360,LR,2025-02-19,2025-03-01,2025-02-28
80000361,LF,2025-05-27,2025-06-03,2025-06-02
80000362,LR,2025-06-04,2025-06-12,2025-06-12
80000363,LF,2025-01-14,2025-01-23,2025-01-29
80000364,LF,2025-05-22,2025-05-27,2025-05-27
80000365,LF,2025-05-13,2025-05-18,2025-05-16
80000366,LF,2025-05-12,2025-05-16,2025-05-14
80000367,LF,2025-01-24,2025-02-02,2025-02-02
80000368,LF,2025-03-31,2025-04-07,2025-04-05
80000369,LF,2025-04-12,2025-04-22,2025-04-21
80000370,LF,2025-04-09,2025-04-17,2025-04-16
80000371,LR,2025-01-08,2025-01-11,2025-01-14
80000372,LF,2025-06-16,2025-06-19,2025-06-17
80000373,LF,2025-02-05,2025-02-15,2025-02-16
80000374,LF,2025-05-01,2025-05-08,2025-05-14
80000375,LF,2025-05-01,2025-05-07,2025-05-06
80000376,LF,2025-01-21,2025-01-30,2025-02-02
80000377,LF,2025-02-08,2025-02-15,2025-02-14
80000378,LF,2025-06-05,2025-06-09,2025-06-12
80000379,LF,2025-01-13,2025-01-21,2025-01-24
80000380,LF,2025-06-09,2025-06-13,2025-06-13
80000381,LF,2025-05-08,2025-05-17,2025-05-16
80000382,LF,2025-06-11,2025-06-21,2025-06-24
80000383,LF,2025-02-06,2025-02-09,2025-02-08
80000384,LF,2025-06-07,2025-06-10,2025-06-11
80000385,LR,2025-04-17,2025-04-20,2025-04-20
80000386,LF,2025-05-01,2025-05-09,2025-05-09
80000387,LF,2025-04-06,2025-04-09,2025-04-07
80000388,LF,2025-04-02,2025-04-12,2025-04-15
80000389,LF,2025-06-18,2025-06-22,2025-06-20
80000390,LF,2025-03-27,2025-03-31,2025-03-29
80000391,LF,2025-05-20,2025-05-26,2025-05-25
80000392,LF,2025-02-14,2025-02-21,2025-02-21
80000393,LF,2025-05-03,2025-05-13,2025-05-13
80000394,LF,2025-01-17,2025-01-21,2025-01-19
80000395,LF,2025-01-11,2025-01-21,2025-01-19
80000396,LF,2025-05-12,2025-05-21,2025-05-19
80000397,LF,2025-05-20,2025-05-29,2025-05-31
80000398,LF,2025-06-15,2025-06-21,2025-06-19
80000399,LF,2025-01-13,2025-01-22,2025-01-20
80000400,LF,2025-04-05,2025-04-12,2025-04-10
80000401,LF,2025-04-23,2025-04-27,2025-04-30
80000402,LF,2025-02-17,2025-02-24,2025-02-22
80000403,LF,2025-04-05,2025-04-11,2025-04-09
80000404,LF,2025-01-22,2025-01-27,2025-01-25
80000405,LF,2025-06-04,2025-06-12,2025-06-11
80000406,LF,2025-03-24,2025-04-03,2025-04-09
80000407,LF,2025-06-19,2025-06-25,2025-06-23
80000408,LF,2025-06-04,2025-06-08,2025-06-12
80000409,LF,2025-04-24,2025-04-29,2025-04-29
80000410,LF,2025-04-01,2025-04-08,2025-04-06
80000411,LF,2025-03-12,2025-03-15,2025-03-15
80000412,LF,2025-06-23,2025-07-03,2025-07-06
80000413,LF,2025-04-23,2025-04-30,2025-04-30
80000414,LF,2025-03-02,2025-03-08,2025-03-06
80000415,LF,2025-05-26,2025-06-02,2025-05-31
80000416,LF,2025-06-23,2025-06-28,2025-06-26
80000417,LF,2025-04-06,2025-04-16,2025-04-15
80000418,LF,2025-05-27,2025-06-05,2025-06-04
80000419,LF,2025-03-05,2025-03-12,2025-03-12
80000420,LF,2025-02-17,2025-02-27,2025-02-25
80000421,LF,2025-05-24,2025-05-28,2025-05-28
80000422,LF,2025-03-08,2025-03-11,2025-03-11
80000423,LF,2025-06-06,2025-06-09,2025-06-09
80000424,LF,2025-05-06,2025-05-16,2025-05-21
80000425,LF,2025-01-19,2025-01-29,2025-01-29
80000426,LF,2025-04-24,2025-04-30,2025-04-29
80000427,LF,2025-03-23,2025-04-01,2025-04-04
80000428,LF,2025-03-18,2025-03-23,2025-03-23
80000429,LF,2025-06-29,2025-07-07,2025-07-07
80000430,LF,2025-05-11,2025-05-21,2025-05-20
80000431,LF,2025-02-21,2025-03-02,2025-03-03
80000432,LR,2025-05-07,2025-05-17,2025-05-15
80000433,LF,2025-05-27,2025-05-30,2025-05-28
80000434,LF,2025-05-22,2025-05-30,2025-06-03
80000435,LF,2025-01-23,2025-01-30,2025-02-05
80000436,LF,2025-05-03,2025-05-11,2025-05-11
80000437,LF,2025-04-15,2025-04-21,2025-04-20
80000438,LF,2025-03-23,2025-03-27,2025-04-01
80000439,LF,2025-06-24,2025-07-02,2025-07-09
80000440,LF,2025-05-22,2025-05-29,2025-05-27
80000441,LF,2025-02-03,2025-02-10,2025-02-08
80000442,LF,2025-01-15,2025-01-18,2025-01-23
80000443,LF,2025-03-19,2025-03-22,2025-03-20
80000444,LF,2025-02-27,2025-03-03,2025-03-08
80000445,LF,2025-05-13,2025-05-19,2025-05-20
80000446,LF,2025-03-06,2025-03-15,2025-03-15
80000447,LF,2025-05-22,2025-05-27,2025-05-26
80000448,LF,2025-03-19,2025-03-23,2025-03-21
80000449,LF,2025-05-09,2025-05-15,2025-05-13
80000450,LF,2025-05-29,2025-06-08,2025-06-08
80000451,LF,2025-06-09,2025-06-16,2025-06-16
80000452,LF,2025-05-25,2025-05-29,2025-06-02
80000453,LF,2025-01-08,2025-01-13,2025-01-15
80000454,LF,2025-06-14,2025-06-17,2025-06-15
80000455,LF,2025-06-13,2025-06-22,2025-06-21
80000456,LF,2025-06-10,2025-06-13,2025-06-12
80000457,LF,2025-03-19,2025-03-26,2025-03-26
80000458,LF,2025-06-25,2025-06-28,2025-06-28
80000459,LF,2025-01-19,2025-01-29,2025-01-29
80000460,LR,2025-04-17,2025-04-20,2025-04-20
80000461,LF,2025-03-29,2025-04-07,2025-04-10
80000462,LF,2025-03-23,2025-03-26,2025-03-25
80000463,LF,2025-02-03,2025-02-07,2025-02-07
80000464,LF,2025-01-28,2025-02-04,2025-02-03
80000465,LF,2025-02-01,2025-02-11,2025-02-09
80000466,LF,2025-02-06,2025-02-09,2025-02-08
80000467,LF,2025-02-10,2025-02-14,2025-02-17
80000468,LF,2025-03-22,2025-03-31,2025-03-30
80000469,LF,2025-05-08,2025-05-11,2025-05-13
80000470,LF,2025-03-20,2025-03-23,2025-03-21
80000471,LF,2025-04-11,2025-04-20,2025-04-18
80000472,LF,2025-03-03,2025-03-13,2025-03-11
80000473,LF,2025-01-13,2025-01-21,2025-01-24
80000474,LF,2025-06-02,2025-06-10,2025-06-08
80000475,LF,2025-01-03,2025-01-12,2025-01-19
80000476,LF,2025-03-09,2025-03-13,2025-03-17
80000477,LF,2025-05-26,2025-06-02,2025-06-02
80000478,LF,2025-05-22,2025-05-31,2025-05-30
80000479,LF,2025-05-10,2025-05-14,2025-05-13
80000480,LF,2025-03-13,2025-03-23,2025-03-22
80000481,LF,2025-01-31,2025-02-03,2025-02-02
80000482,LF,2025-04-11,2025-04-15,2025-04-19
80000483,LR,2025-03-28,2025-04-06,2025-04-04
80000484,LF,2025-02-06,2025-02-13,2025-02-13
80000485,LF,2025-04-13,2025-04-20,2025-04-18
80000486,LF,2025-05-02,2025-05-05,2025-05-04
80000487,LF,2025-06-05,2025-06-15,2025-06-13
80000488,LF,2025-06-06,2025-06-15,2025-06-13
80000489,LF,2025-06-07,2025-06-15,2025-06-18
80000490,LF,2025-05-10,2025-05-18,2025-05-23
80000491,LF,2025-05-25,2025-06-03,2025-06-01
80000492,LF,2025-01-05,2025-01-09,2025-01-09
80000493,LF,2025-01-29,2025-02-01,2025-01-31
80000494,LF,2025-06-26,2025-07-01,2025-06-29
80000495,LF,2025-03-09,2025-03-15,2025-03-22
80000496,LR,2025-01-14,2025-01-23,2025-01-27
80000497,LF,2025-05-15,2025-05-20,2025-05-19
80000498,LF,2025-04-08,2025-04-14,2025-04-13
80000499,LF,2025-03-04,2025-03-13,2025-03-12
80000500,LF,2025-06-29,2025-07-08,2025-07-10
80000501,LF,2025-04-23,2025-04-27,2025-04-26
80000502,LF,2025-04-16,2025-04-25,2025-04-23
80000503,LF,2025-06-06,2025-06-09,2025-06-09
80000504,LF,2025-05-24,2025-05-27,2025-06-03
80000505,LF,2025-05-03,2025-05-10,2025-05-08
80000506,LF,2025-03-29,2025-04-03,2025-04-08
80000507,LF,2025-06-24,2025-06-27,2025-06-26
80000508,LF,2025-02-19,2025-02-28,2025-03-04
80000509,LF,2025-03-18,2025-03-26,2025-03-26
80000510,LF,2025-03-18,2025-03-24,2025-03-23
80000511,LF,2025-06-26,2025-06-30,2025-07-05
80000512,LF,2025-03-12,2025-03-21,2025-03-20
80000513,LF,2025-06-23,2025-07-01,2025-06-29
80000514,LF,2025-04-12,2025-04-21,2025-04-22
80000515,LF,2025-01-21,2025-01-26,2025-01-26
80000516,LF,2025-06-17,2025-06-24,2025-06-27
80000517,LF,2025-02-24,2025-03-02,2025-03-02
80000518,LF,2025-03-11,2025-03-21,2025-03-25
80000519,LF,2025-02-05,2025-02-09,2025-02-08
80000520,LF,2025-05-31,2025-06-03,2025-06-02
80000521,LF,2025-06-21,2025-06-27,2025-06-29
80000522,LF,2025-03-01,2025-03-05,2025-03-10
80000523,LF,2025-03-26,2025-04-02,2025-04-02
80000524,LF,2025-02-05,2025-02-11,2025-02-18
80000525,LF,2025-02-10,2025-02-13,2025-02-20
80000526,LF,2025-05-02,2025-05-11,2025-05-10
80000527,LF,2025-03-15,2025-03-21,2025-03-21
80000528,LF,2025-01-16,2025-01-23,2025-01-23
80000529,LF,2025-01-10,2025-01-20,2025-01-19
80000530,LF,2025-02-15,2025-02-23,2025-02-21
80000531,LF,2025-04-12,2025-04-22,2025-04-22
80000532,LF,2025-03-16,2025-03-26,2025-03-26
80000533,LF,2025-05-26,2025-05-31,2025-05-29
80000534,LF,2025-06-14,2025-06-17,2025-06-17
80000535,LF,2025-02-04,2025-02-12,2025-02-10
80000536,LF,2025-02-19,2025-02-22,2025-03-01
80000537,LF,2025-04-28,2025-05-07,2025-05-13
80000538,LF,2025-01-04,2025-01-14,2025-01-14
80000539,LF,2025-05-26,2025-05-29,2025-06-01
80000540,LF,2025-06-13,2025-06-22,2025-06-20
80000541,LF,2025-05-12,2025-05-19,2025-05-18
80000542,LF,2025-06-21,2025-06-26,2025-07-03
80000543,LR,2025-02-05,2025-02-12,2025-02-18
80000544,LF,2025-03-05,2025-03-12,2025-03-13
80000545,LF,2025-03-02,2025-03-10,2025-03-09
80000546,LF,2025-03-26,2025-04-05,2025-04-05
80000547,LF,2025-05-27,2025-05-30,2025-05-30
80000548,LF,2025-04-03,2025-04-10,2025-04-10
80000549,LF,2025-01-31,2025-02-07,2025-02-06
80000550,LR,2025-04-14,2025-04-22,2025-04-20
80000551,LF,2025-06-30,2025-07-10,2025-07-09
80000552,LF,2025-06-13,2025-06-18,2025-06-20
80000553,LF,2025-02-26,2025-03-06,2025-03-08
80000554,LF,2025-05-03,2025-05-13,2025-05-12
80000555,LF,2025-06-05,2025-06-13,2025-06-13
80000556,LF,2025-05-21,2025-05-24,2025-05-29
80000557,LF,2025-06-20,2025-06-29,2025-06-29
80000558,LF,2025-01-21,2025-01-26,2025-01-25
80000559,LF,2025-06-30,2025-07-04,2025-07-02
80000560,LF,2025-05-25,2025-06-03,2025-06-01
80000561,LF,2025-05-21,2025-05-28,2025-05-26
80000562,LR,2025-05-18,2025-05-26,2025-05-28
80000563,LF,2025-05-14,2025-05-18,2025-05-21
80000564,LF,2025-02-22,2025-03-04,2025-03-02
80000565,LF,2025-05-11,2025-05-19,2025-05-18
80000566,LF,2025-04-27,2025-05-06,2025-05-09
80000567,LF,2025-04-27,2025-05-01,2025-04-29
80000568,LF,2025-04-29,2025-05-07,2025-05-07
80000569,LF,2025-04-12,2025-04-16,2025-04-16
80000570,LF,2025-02-25,2025-03-06,2025-03-04
80000571,LF,2025-04-19,2025-04-29,2025-05-03
80000572,LF,2025-05-19,2025-05-26,2025-05-28
80000573,LF,2025-04-15,2025-04-23,2025-04-28
80000574,LF,2025-06-14,2025-06-22,2025-06-21
80000575,LF,2025-04-08,2025-04-13,2025-04-12
80000576,LR,2025-04-07,2025-04-15,2025-04-21
80000577,LF,2025-06-19,2025-06-24,2025-06-24
80000578,LF,2025-03-31,2025-04-09,2025-04-07
80000579,LR,2025-05-18,2025-05-23,2025-05-23
80000580,LF,2025-02-27,2025-03-07,2025-03-07
80000581,LF,2025-03-18,2025-03-27,2025-03-26
80000582,LF,2025-05-20,2025-05-25,2025-05-23
80000583,LF,2025-02-28,2025-03-04,2025-03-04
80000584,LF,2025-02-09,2025-02-18,2025-02-17
80000585,LF,2025-04-18,2025-04-27,2025-04-25
80000586,LF,2025-01-05,2025-01-11,2025-01-10
80000587,LF,2025-01-26,2025-01-31,2025-01-31
80000588,LF,2025-05-19,2025-05-29,2025-05-27
80000589,LF,2025-01-15,2025-01-18,2025-01-17
80000590,LF,2025-03-16,2025-03-23,2025-03-23
80000591,LF,2025-05-28,2025-06-02,2025-06-01
80000592,LF,2025-06-22,2025-06-29,2025-06-29
80000593,LF,2025-02-06,2025-02-09,2025-02-12
80000594,LF,2025-03-18,2025-03-28,2025-03-26
80000595,LF,2025-06-01,2025-06-10,2025-06-08
80000596,LR,2025-04-20,2025-04-29,2025-04-27
80000597,LF,2025-03-30,2025-04-09,2025-04-09
80000598,LF,2025-03-23,2025-03-30,2025-03-30
80000599,LF,2025-03-18,2025-03-21,2025-03-21
80000600,LF,2025-05-18,2025-05-26,2025-05-25
80000601,LF,2025-02-27,2025-03-05,2025-03-12
80000602,LF,2025-02-06,2025-02-10,2025-02-10
80000603,LF,2025-05-24,2025-05-28,2025-05-29
80000604,LF,2025-05-23,2025-05-30,2025-05-30
80000605,LF,2025-03-04,2025-03-10,2025-03-10
80000606,LF,2025-06-15,2025-06-24,2025-06-23
80000607,LF,2025-04-05,2025-04-12,2025-04-12
80000608,LF,2025-02-18,2025-02-22,2025-02-20
80000609,LF,2025-01-19,2025-01-27,2025-01-27
80000610,LF,2025-05-31,2025-06-07,2025-06-07
80000611,LF,2025-02-23,2025-03-01,2025-02-27
80000612,LF,2025-01-04,2025-01-14,2025-01-13
80000613,LF,2025-01-31,2025-02-07,2025-02-06
80000614,LF,2025-06-28,2025-07-07,2025-07-06
80000615,LF,2025-04-12,2025-04-17,2025-04-16
80000616,LF,2025-06-16,2025-06-25,2025-06-25
80000617,LF,2025-04-03,2025-04-13,2025-04-11
80000618,LF,2025-04-30,2025-05-09,2025-05-10
80000619,LF,2025-05-01,2025-05-06,2025-05-04
80000620,LF,2025-04-05,2025-04-15,2025-04-20
80000621,LF,2025-05-25,2025-05-30,2025-05-28
80000622,LF,2025-01-05,2025-01-15,2025-01-13
80000623,LF,2025-05-30,2025-06-06,2025-06-06
80000624,LR,2025-03-17,2025-03-25,2025-03-29
80000625,LF,2025-02-28,2025-03-10,2025-03-09
80000626,LF,2025-03-04,2025-03-08,2025-03-07
80000627,LF,2025-06-25,2025-07-05,2025-07-05
80000628,LF,2025-05-06,2025-05-14,2025-05-14
80000629,LF,2025-05-20,2025-05-25,2025-05-23
80000630,LF,2025-05-19,2025-05-25,2025-05-25
80000631,LF,2025-01-20,2025-01-23,2025-01-23
80000632,LR,2025-04-16,2025-04-22,2025-04-21
80000633,LF,2025-03-01,2025-03-11,2025-03-15
80000634,LF,2025-01-03,2025-01-12,2025-01-10
80000635,LR,2025-04-06,2025-04-14,2025-04-12
80000636,LF,2025-06-20,2025-06-24,2025-06-22
80000637,LF,2025-06-18,2025-06-27,2025-06-27
80000638,LR,2025-05-17,2025-05-26,2025-05-24
80000639,LF,2025-05-18,2025-05-23,2025-05-21
80000640,LF,2025-02-15,2025-02-22,2025-02-21
80000641,LF,2025-05-15,2025-05-19,2025-05-17
80000642,LF,2025-06-08,2025-06-16,2025-06-20
80000643,LF,2025-01-21,2025-01-26,2025-01-27
80000644,LF,2025-04-28,2025-05-08,2025-05-13
80000645,LF,2025-06-28,2025-07-06,2025-07-06
80000646,LF,2025-01-21,2025-01-26,2025-01-24
80000647,LF,2025-04-08,2025-04-15,2025-04-14
80000648,LF,2025-01-15,2025-01-20,2025-01-19
80000649,LF,2025-01-22,2025-01-28,2025-01-26
80000650,LF,2025-06-15,2025-06-21,2025-06-21
80000651,LF,2025-01-25,2025-02-04,2025-02-07
80000652,LF,2025-02-28,2025-03-05,2025-03-04
80000653,LF,2025-01-12,2025-01-15,2025-01-13
80000654,LF,2025-03-13,2025-03-20,2025-03-23
80000655,LF,2025-01-09,2025-01-14,2025-01-14
80000656,LF,2025-03-22,2025-03-30,2025-03-28
80000657,LF,2025-05-31,2025-06-05,2025-06-03
80000658,LF,2025-04-12,2025-04-17,2025-04-17
80000659,LF,2025-05-25,2025-06-03,2025-06-02
80000660,LF,2025-04-10,2025-04-14,2025-04-18
80000661,LF,2025-02-05,2025-02-11,2025-02-09
80000662,LF,2025-03-01,2025-03-08,2025-03-12
80000663,LF,2025-06-07,2025-06-12,2025-06-11
80000664,LF,2025-03-25,2025-04-04,2025-04-02
80000665,LF,2025-04-26,2025-04-29,2025-04-28
80000666,LF,2025-05-22,2025-06-01,2025-05-30
80000667,LF,2025-06-24,2025-07-03,2025-07-03
80000668,LF,2025-01-22,2025-01-29,2025-01-27
80000669,LF,2025-03-05,2025-03-09,2025-03-09
80000670,LF,2025-02-09,2025-02-18,2025-02-19
80000671,LF,2025-06-12,2025-06-18,2025-06-18
80000672,LF,2025-03-23,2025-03-26,2025-03-26
80000673,LF,2025-01-02,2025-01-11,2025-01-11
80000674,LR,2025-03-11,2025-03-14,2025-03-14
80000675,LF,2025-02-17,2025-02-25,2025-02-24
80000676,LF,2025-05-23,2025-05-29,2025-05-28
80000677,LF,2025-01-07,2025-01-17,2025-01-16
80000678,LF,2025-01-24,2025-02-01,2025-02-03
80000679,LF,2025-03-25,2025-03-29,2025-03-29
80000680,LF,2025-04-16,2025-04-20,2025-04-18
80000681,LF,2025-05-24,2025-05-30,2025-05-28
80000682,LF,2025-02-13,2025-02-22,2025-02-22
80000683,LF,2025-03-10,2025-03-18,2025-03-17
80000684,LF,2025-02-07,2025-02-13,2025-02-13
80000685,LF,2025-03-12,2025-03-16,2025-03-16
80000686,LF,2025-01-20,2025-01-23,2025-01-22
80000687,LF,2025-02-20,2025-02-23,2025-02-22
80000688,LF,2025-03-19,2025-03-22,2025-03-21
80000689,LF,2025-03-27,2025-04-02,2025-04-01
80000690,LF,2025-03-26,2025-03-29,2025-03-28
80000691,LF,2025-06-16,2025-06-21,2025-06-19
80000692,LF,2025-03-24,2025-03-28,2025-03-28
80000693,LF,2025-02-21,2025-03-01,2025-03-04
80000694,LF,2025-04-12,2025-04-17,2025-04-15
80000695,LF,2025-06-27,2025-06-30,2025-06-28
80000696,LF,2025-04-11,2025-04-14,2025-04-14
80000697,LR,2025-05-25,2025-06-04,2025-06-06
80000698,LF,2025-05-20,2025-05-25,2025-05-25
80000699,LF,2025-05-21,2025-05-31,2025-06-01
80000700,LF,2025-04-29,2025-05-06,2025-05-04
80000701,LR,2025-03-16,2025-03-26,2025-03-28
80000702,LF,2025-04-15,2025-04-24,2025-04-22
80000703,LF,2025-03-19,2025-03-29,2025-04-02
80000704,LF,2025-02-09,2025-02-13,2025-02-12
80000705,LF,2025-01-19,2025-01-25,2025-01-25
80000706,LF,2025-05-03,2025-05-13,2025-05-12
80000707,LF,2025-05-10,2025-05-13,2025-05-11
80000708,LF,2025-04-03,2025-04-06,2025-04-05
80000709,LF,2025-01-22,2025-01-31,2025-01-31
80000710,LF,2025-06-18,2025-06-23,2025-06-23
80000711,LF,2025-06-06,2025-06-09,2025-06-09
80000712,LF,2025-06-15,2025-06-21,2025-06-20
80000713,LF,2025-03-26,2025-04-04,2025-04-04
