VBELN,POSNR,VGBEL,VGPOS,MATNR,WERKS,LGORT,LFIMG,MEINS
80000001,000010,45000001,000010,100001,1000,0002,34,EA
80000002,000010,45000002,000010,100033,3010,0001,67,EA
80000003,000010,45000003,000010,100038,3010,0002,69,EA
80000003,000020,45000003,000020,100015,2010,0002,33,EA
80000003,000030,45000003,000030,100026,2010,0002,99,EA
80000004,000010,45000004,000010,100038,3010,0001,65,EA
80000004,000020,45000004,000020,100010,2000,0002,4,EA
80000004,000030,45000004,000030,100031,1000,0002,38,EA
80000005,000010,45000005,000010,100006,1000,0002,94,EA
80000005,000020,45000005,000020,100010,2000,0002,32,EA
80000006,000010,45000006,000010,100030,1010,0001,42,EA
80000006,000020,45000006,000020,100031,2000,0002,61,EA
80000007,000010,45000007,000010,100029,3010,0001,90,EA
80000008,000010,45000008,000010,100021,1000,0001,28,EA
80000008,000020,45000008,000020,100003,3010,0001,15,EA
80000009,000010,45000009,000010,100022,3010,0001,14,EA
80000010,000010,45000010,000010,100011,3010,0002,32,EA
80000010,000020,45000010,000020,100034,1010,0002,71,EA
80000010,000030,45000010,000030,100011,2000,0002,72,EA
80000011,000010,45000012,000010,100043,2010,0002,51,EA
80000011,000020,45000012,000020,100002,3010,0001,79,EA
80000011,000030,45000012,000030,100013,2010,0001,43,EA
80000012,000010,45000013,000010,100025,1000,0002,46,EA
80000012,000020,45000013,000020,100014,1010,0002,36,EA
80000013,000010,45000014,000010,100005,3000,0001,14,EA
80000013,000020,45000014,000020,100035,1010,0001,47,EA
80000013,000030,45000014,000030,100021,1010,0001,59,EA
80000014,000010,45000015,000010,100017,3010,0001,34,EA
80000015,000010,45000017,000010,100030,3000,0001,23,EA
80000015,000020,45000017,000020,100044,3010,0002,39,EA
80000016,000010,45000019,000010,100024,3010,0001,19,EA
80000017,000010,45000020,000010,100025,2010,0002,77,EA
80000017,000020,45000020,000020,100009,3000,0001,50,EA
80000017,000030,45000020,000030,100028,1010,0001,63,EA
80000018,000010,45000022,000010,100021,2010,0001,80,EA
80000019,000010,45000023,000010,100023,1000,0001,63,EA
80000020,000010,45000024,000010,100013,2010,0001,72,EA
80000021,000010,45000025,000010,100042,2010,0002,53,EA
80000021,000020,45000025,000020,100044,2010,0001,54,EA
80000021,000030,45000025,000030,100046,2010,0002,45,EA
80000022,000010,45000026,000010,100006,3000,0002,4,EA
80000023,000010,45000027,000010,100019,1000,0001,36,EA
80000024,000010,45000028,000010,100035,2000,0001,22,EA
80000025,000010,45000029,000010,100037,3010,0001,99,EA
80000025,000020,45000029,000020,100050,2010,0002,67,EA
80000026,000010,45000030,000010,100008,3000,0002,15,EA
80000026,000020,45000030,000020,100018,3000,0002,47,EA
80000026,000030,45000030,000030,100035,1000,0002,98,EA
80000027,000010,45000031,000010,100029,3000,0002,28,EA
80000027,000020,45000031,000020,100028,1000,0001,95,EA
80000027,000030,45000031,000030,100042,1010,0001,32,EA
80000028,000010,45000032,000010,100029,2000,0002,45,EA
80000029,000010,45000033,000010,100029,1000,0002,100,EA
80000030,000010,45000034,000010,100014,3010,0001,76,EA
80000031,000010,45000035,000010,100023,3010,0002,79,EA
80000031,000020,45000035,000020,100041,2010,0001,22,EA
80000031,000030,45000035,000030,100040,1010,0002,20,EA
80000032,000010,45000036,000010,100004,3000,0001,45,EA
80000033,000010,45000037,000010,100018,3000,0001,69,EA
80000033,000020,45000037,000020,100011,2000,0002,91,EA
80000033,000030,45000037,000030,100019,2000,0002,74,EA
80000034,000010,45000038,000010,100033,3010,0002,7,EA
80000034,000020,45000038,000020,100009,2010,0001,8,EA
80000035,000010,45000039,000010,100042,1010,0002,90,EA
80000035,000020,45000039,000020,100009,1010,0001,12,EA
80000036,000010,45000040,000010,100021,1010,0002,56,EA
80000036,000020,45000040,000020,100044,2010,0002,50,EA
80000036,000030,45000040,000030,100010,3000,0002,81,EA
80000037,000010,45000041,000010,100041,2010,0001,49,EA
80000037,000020,45000041,000020,100029,1000,0001,82,EA
80000038,000010,45000042,000010,100026,3000,0001,96,EA
80000039,000010,45000043,000010,100045,2000,0001,59,EA
80000039,000020,45000043,000020,100032,2000,0001,75,EA
80000040,000010,45000044,000010,100050,3010,0001,12,EA
80000041,000010,45000045,000010,100030,3010,0002,86,EA
80000041,000020,45000045,000020,100045,2000,0002,9,EA
80000041,000030,45000045,000030,100035,2010,0002,28,EA
80000042,000010,45000046,000010,100014,2010,0002,35,EA
80000042,000020,45000046,000020,100021,2000,0002,44,EA
80000043,000010,45000047,000010,100037,1010,0002,73,EA
80000043,000020,45000047,000020,100032,2000,0002,88,EA
80000043,000030,45000047,000030,100049,1000,0002,6,EA
80000044,000010,45000048,000010,100041,2010,0002,3,EA
80000045,000010,45000049,000010,100011,2010,0002,59,EA
80000046,000010,45000050,000010,100028,1010,0001,89,EA
80000047,000010,45000051,000010,100042,2000,0002,21,EA
80000048,000010,45000052,000010,100006,3010,0002,47,EA
80000048,000020,45000052,000020,100017,1000,0001,48,EA
80000049,000010,45000053,000010,100042,1010,0002,6,EA
80000049,000020,45000053,000020,100026,3010,0001,40,EA
80000049,000030,45000053,000030,100047,3010,0002,97,EA
80000050,000010,45000054,000010,100028,3010,0001,12,EA
80000051,000010,45000055,000010,100007,1000,0002,24,EA
80000051,000020,45000055,000020,100031,1000,0002,17,EA
80000051,000030,45000055,000030,100038,1010,0001,67,EA
80000052,000010,45000056,000010,100029,1000,0002,2,EA
80000052,000020,45000056,000020,100045,2000,0001,16,EA
80000052,000030,45000056,000030,100028,3010,0002,17,EA
80000053,000010,45000057,000010,100005,1010,0002,50,EA
80000053,000020,45000057,000020,100006,3010,0001,14,EA
80000054,000010,45000058,000010,100021,2000,0001,39,EA
80000055,000010,45000059,000010,100025,1010,0002,83,EA
80000056,000010,45000060,000010,100010,1000,0002,68,EA
80000056,000020,45000060,000020,100037,1000,0002,79,EA
80000056,000030,45000060,000030,100042,1010,0002,57,EA
80000057,000010,45000061,000010,100047,1010,0002,81,EA
80000057,000020,45000061,000020,100048,1010,0002,53,EA
80000058,000010,45000062,000010,100044,2010,0002,28,EA
80000058,000020,45000062,000020,100006,1000,0001,18,EA
80000058,000030,45000062,000030,100049,1000,0002,76,EA
80000059,000010,45000063,000010,100025,2000,0002,55,EA
80000059,000020,45000063,000020,100021,1010,0001,32,EA
80000059,000030,45000063,000030,100018,3010,0001,11,EA
80000060,000010,45000064,000010,100036,3000,0001,77,EA
80000061,000010,45000065,000010,100039,2000,0002,100,EA
80000061,000020,45000065,000020,100045,1000,0002,85,EA
80000061,000030,45000065,000030,100020,1010,0001,67,EA
80000062,000010,45000066,000010,100033,1010,0002,96,EA
80000062,000020,45000066,000020,100026,2000,0001,83,EA
80000062,000030,45000066,000030,100004,1010,0001,33,EA
80000063,000010,45000067,000010,100008,1010,0002,50,EA
80000063,000020,45000067,000020,100041,3000,0001,9,EA
80000064,000010,45000068,000010,100001,2000,0002,41,EA
80000064,000020,45000068,000020,100009,2010,0002,73,EA
80000064,000030,45000068,000030,100027,2000,0001,57,EA
80000065,000010,45000069,000010,100012,2010,0001,99,EA
80000065,000020,45000069,000020,100005,1000,0002,76,EA
80000065,000030,45000069,000030,100005,1000,0001,34,EA
80000066,000010,45000070,000010,100003,1000,0002,51,EA
80000067,000010,45000071,000010,100019,3010,0002,52,EA
80000067,000020,45000071,000020,100033,2010,0002,55,EA
80000067,000030,45000071,000030,100045,2010,0002,11,EA
80000068,000010,45000072,000010,100035,3000,0001,79,EA
80000068,000020,45000072,000020,100010,2000,0002,11,EA
80000068,000030,45000072,000030,100020,1000,0001,66,EA
80000069,000010,45000074,000010,100038,3010,0001,88,EA
80000069,000020,45000074,000020,100042,3010,0002,83,EA
80000070,000010,45000075,000010,100020,3010,0002,56,EA
80000071,000010,45000076,000010,100016,1000,0002,32,EA
80000071,000020,45000076,000020,100006,2010,0002,15,EA
80000071,000030,45000076,000030,100030,3000,0002,78,EA
80000072,000010,45000077,000010,100020,3010,0002,95,EA
80000073,000010,45000078,000010,100048,1010,0001,16,EA
80000073,000020,45000078,000020,100001,3010,0001,11,EA
80000073,000030,45000078,000030,100045,1000,0001,21,EA
80000074,000010,45000079,000010,100023,3000,0002,67,EA
80000074,000020,45000079,000020,100047,2000,0001,22,EA
80000075,000010,45000080,000010,100009,3010,0001,100,EA
80000075,000020,45000080,000020,100018,3010,0002,16,EA
80000076,000010,45000081,000010,100022,2010,0002,35,EA
80000077,000010,45000082,000010,100005,2000,0002,92,EA
80000077,000020,45000082,000020,100037,3010,0001,10,EA
80000077,000030,45000082,000030,100032,2010,0001,66,EA
80000078,000010,45000083,000010,100004,2010,0002,73,EA
80000078,000020,45000083,000020,100011,2000,0002,21,EA
80000079,000010,45000084,000010,100050,1000,0002,74,EA
80000079,000020,45000084,000020,100044,3010,0001,15,EA
80000080,000010,45000085,000010,100048,3000,0002,1,EA
80000081,000010,45000087,000010,100024,2010,0001,20,EA
80000081,000020,45000087,000020,100012,1000,0002,71,EA
80000082,000010,45000088,000010,100048,3010,0002,54,EA
80000082,000020,45000088,000020,100015,2000,0001,32,EA
80000082,000030,45000088,000030,100027,3010,0001,41,EA
80000083,000010,45000089,000010,100005,3000,0002,48,EA
80000083,000020,45000089,000020,100008,3000,0002,60,EA
80000084,000010,45000090,000010,100012,1010,0002,67,EA
80000085,000010,45000091,000010,100026,1000,0002,60,EA
80000086,000010,45000092,000010,100050,2000,0002,42,EA
80000086,000020,45000092,000020,100006,3000,0002,59,EA
80000087,000010,45000093,000010,100024,1010,0002,38,EA
80000088,000010,45000095,000010,100047,3000,0001,98,EA
80000089,000010,45000096,000010,100010,1000,0002,36,EA
80000090,000010,45000097,000010,100015,3000,0001,45,EA
80000091,000010,45000098,000010,100045,1000,0002,43,EA
80000091,000020,45000098,000020,100001,3010,0001,49,EA
80000091,000030,45000098,000030,100048,3010,0001,40,EA
80000092,000010,45000099,000010,100014,3000,0002,31,EA
80000093,000010,45000100,000010,100032,1000,0001,19,EA
80000093,000020,45000100,000020,100046,2000,0001,6,EA
80000094,000010,45000101,000010,100015,3000,0001,32,EA
80000095,000010,45000103,000010,100005,3000,0002,73,EA
80000095,000020,45000103,000020,100004,2010,0002,85,EA
80000096,000010,45000105,000010,100026,3010,0002,95,EA
80000096,000020,45000105,000020,100021,2000,0002,45,EA
80000097,000010,45000106,000010,100015,1000,0001,26,EA
80000097,000020,45000106,000020,100009,3000,0002,14,EA
80000098,000010,45000107,000010,100007,1010,0002,58,EA
80000099,000010,45000108,000010,100021,2010,0002,12,EA
80000099,000020,45000108,000020,100035,2000,0002,99,EA
80000100,000010,45000110,000010,100008,1000,0002,21,EA
80000100,000020,45000110,000020,100044,2000,0002,91,EA
80000101,000010,45000111,000010,100039,1000,0002,28,EA
80000101,000020,45000111,000020,100021,1010,0001,12,EA
80000101,000030,45000111,000030,100046,1010,0002,46,EA
80000102,000010,45000112,000010,100033,1000,0002,87,EA
80000102,000020,45000112,000020,100020,2000,0002,16,EA
80000103,000010,45000113,000010,100026,2010,0001,72,EA
80000104,000010,45000114,000010,100036,1010,0001,13,EA
80000104,000020,45000114,000020,100030,1000,0002,18,EA
80000104,000030,45000114,000030,100008,1000,0002,8,EA
80000105,000010,45000115,000010,100009,1010,0001,52,EA
80000106,000010,45000116,000010,100044,3010,0001,83,EA
80000106,000020,45000116,000020,100006,3000,0001,76,EA
80000107,000010,45000117,000010,100005,1000,0002,9,EA
80000107,000020,45000117,000020,100013,3010,0002,57,EA
80000108,000010,45000118,000010,100006,2000,0002,14,EA
80000109,000010,45000119,000010,100030,1000,0001,22,EA
80000110,000010,45000121,000010,100014,1010,0002,36,EA
80000110,000020,45000121,000020,100018,2010,0001,20,EA
80000111,000010,45000122,000010,100040,3000,0002,79,EA
80000112,000010,45000123,000010,100042,2000,0001,64,EA
80000113,000010,45000125,000010,100027,1010,0001,83,EA
80000114,000010,45000126,000010,100016,3010,0002,70,EA
80000114,000020,45000126,000020,100002,2010,0002,92,EA
80000114,000030,45000126,000030,100023,2010,0002,70,EA
80000115,000010,45000127,000010,100023,3000,0001,44,EA
80000115,000020,45000127,000020,100021,2010,0002,35,EA
80000116,000010,45000128,000010,100002,2000,0002,77,EA
80000117,000010,45000129,000010,100002,2000,0002,6,EA
80000118,000010,45000130,000010,100034,2000,0002,99,EA
80000118,000020,45000130,000020,100038,1010,0001,21,EA
80000119,000010,45000131,000010,100016,3010,0001,25,EA
80000120,000010,45000132,000010,100035,3010,0001,8,EA
80000120,000020,45000132,000020,100049,1010,0002,74,EA
80000121,000010,45000133,000010,100023,1010,0001,17,EA
80000121,000020,45000133,000020,100016,3000,0002,41,EA
80000122,000010,45000134,000010,100045,2000,0002,68,EA
80000122,000020,45000134,000020,100002,3010,0001,90,EA
80000122,000030,45000134,000030,100023,3000,0002,73,EA
80000123,000010,45000135,000010,100037,1010,0002,64,EA
80000124,000010,45000136,000010,100020,1010,0002,35,EA
80000124,000020,45000136,000020,100003,1000,0001,7,EA
80000124,000030,45000136,000030,100015,3000,0002,29,EA
80000125,000010,45000137,000010,100034,2010,0001,1,EA
80000126,000010,45000138,000010,100040,1010,0002,17,EA
80000126,000020,45000138,000020,100022,3010,0002,23,EA
80000127,000010,45000140,000010,100034,2000,0002,10,EA
80000128,000010,45000142,000010,100021,1010,0002,21,EA
80000128,000020,45000142,000020,100047,2010,0002,82,EA
80000129,000010,45000143,000010,100042,2000,0002,23,EA
80000129,000020,45000143,000020,100046,3000,0001,74,EA
80000130,000010,45000144,000010,100023,1010,0002,69,EA
80000130,000020,45000144,000020,100038,1010,0001,49,EA
80000130,000030,45000144,000030,100020,3010,0001,89,EA
80000131,000010,45000145,000010,100009,1010,0001,87,EA
80000131,000020,45000145,000020,100001,3010,0001,74,EA
80000132,000010,45000146,000010,100050,3000,0001,4,EA
80000132,000020,45000146,000020,100012,3000,0002,41,EA
80000133,000010,45000148,000010,100023,2000,0002,22,EA
80000134,000010,45000149,000010,100006,3010,0001,86,EA
80000134,000020,45000149,000020,100041,3010,0001,43,EA
80000134,000030,45000149,000030,100029,1000,0001,34,EA
80000135,000010,45000150,000010,100016,3010,0001,8,EA
80000136,000010,45000153,000010,100035,2010,0001,13,EA
80000136,000020,45000153,000020,100031,3000,0001,51,EA
80000137,000010,45000154,000010,100015,1010,0002,58,EA
80000137,000020,45000154,000020,100005,1000,0001,19,EA
80000137,000030,45000154,000030,100002,2000,0001,34,EA
80000138,000010,45000155,000010,100005,2000,0002,17,EA
80000139,000010,45000157,000010,100040,2010,0001,91,EA
80000139,000020,45000157,000020,100002,2010,0002,84,EA
80000139,000030,45000157,000030,100011,3000,0002,56,EA
80000140,000010,45000159,000010,100013,2010,0002,90,EA
80000141,000010,45000160,000010,100047,3010,0001,70,EA
80000141,000020,45000160,000020,100017,3010,0002,37,EA
80000141,000030,45000160,000030,100020,1010,0001,11,EA
80000142,000010,45000161,000010,100026,3000,0002,71,EA
80000143,000010,45000162,000010,100010,1000,0002,47,EA
80000143,000020,45000162,000020,100001,2010,0002,12,EA
80000144,000010,45000163,000010,100043,3010,0001,77,EA
80000144,000020,45000163,000020,100031,1010,0001,13,EA
80000145,000010,45000164,000010,100014,1010,0001,82,EA
80000146,000010,45000165,000010,100006,2010,0002,14,EA
80000146,000020,45000165,000020,100020,2010,0002,61,EA
80000147,000010,45000166,000010,100043,2000,0001,12,EA
80000147,000020,45000166,000020,100042,3000,0002,50,EA
80000148,000010,45000167,000010,100024,2010,0001,48,EA
80000149,000010,45000168,000010,100029,1000,0001,34,EA
80000150,000010,45000170,000010,100049,3010,0001,86,EA
80000151,000010,45000171,000010,100006,3010,0001,41,EA
80000152,000010,45000172,000010,100027,3000,0002,30,EA
80000152,000020,45000172,000020,100036,1000,0002,50,EA
80000152,000030,45000172,000030,100034,2010,0001,48,EA
80000153,000010,45000173,000010,100031,3000,0002,31,EA
80000153,000020,45000173,000020,100031,2000,0001,11,EA
80000153,000030,45000173,000030,100026,3010,0001,5,EA
80000154,000010,45000175,000010,100014,1010,0001,13,EA
80000155,000010,45000176,000010,100028,1000,0001,88,EA
80000156,000010,45000177,000010,100013,3010,0001,19,EA
80000156,000020,45000177,000020,100039,2000,0002,41,EA
80000157,000010,45000178,000010,100005,1000,0002,50,EA
80000157,000020,45000178,000020,100036,2010,0001,71,EA
80000157,000030,45000178,000030,100021,2000,0002,67,EA
80000158,000010,45000179,000010,100001,3010,0002,80,EA
80000158,000020,45000179,000020,100038,3000,0001,54,EA
80000159,000010,45000180,000010,100027,1010,0002,19,EA
80000160,000010,45000182,000010,100023,2010,0002,34,EA
80000160,000020,45000182,000020,100025,3010,0001,63,EA
80000160,000030,45000182,000030,100037,3000,0002,61,EA
80000161,000010,45000183,000010,100012,2000,0002,52,EA
80000162,000010,45000184,000010,100040,3000,0001,88,EA
80000163,000010,45000185,000010,100026,1000,0002,51,EA
80000163,000020,45000185,000020,100022,3010,0001,31,EA
80000163,000030,45000185,000030,100004,3010,0001,61,EA
80000164,000010,45000186,000010,100024,1000,0001,44,EA
80000164,000020,45000186,000020,100020,2000,0002,23,EA
80000165,000010,45000187,000010,100045,3010,0001,9,EA
80000165,000020,45000187,000020,100015,1010,0001,39,EA
80000166,000010,45000188,000010,100029,2000,0002,35,EA
80000166,000020,45000188,000020,100047,2010,0002,78,EA
80000166,000030,45000188,000030,100042,1000,0002,25,EA
80000167,000010,45000189,000010,100014,2010,0001,95,EA
80000167,000020,45000189,000020,100032,3000,0001,48,EA
80000168,000010,45000190,000010,100033,1010,0002,9,EA
80000169,000010,45000191,000010,100046,3000,0002,26,EA
80000169,000020,45000191,000020,100009,3000,0002,40,EA
80000170,000010,45000192,000010,100012,1010,0001,26,EA
80000171,000010,45000193,000010,100016,1000,0001,59,EA
80000172,000010,45000194,000010,100024,3010,0001,26,EA
80000173,000010,45000195,000010,100024,2010,0001,65,EA
80000173,000020,45000195,000020,100026,3010,0002,16,EA
80000174,000010,45000196,000010,100002,1010,0002,48,EA
80000174,000020,45000196,000020,100032,3000,0002,58,EA
80000174,000030,45000196,000030,100012,2010,0001,76,EA
80000175,000010,45000197,000010,100023,2000,0001,21,EA
80000175,000020,45000197,000020,100017,3010,0002,89,EA
80000175,000030,45000197,000030,100006,2000,0002,4,EA
80000176,000010,45000198,000010,100004,1010,0002,74,EA
80000176,000020,45000198,000020,100050,1010,0002,29,EA
80000177,000010,45000199,000010,100015,3010,0002,27,EA
80000177,000020,45000199,000020,100018,3010,0002,53,EA
80000177,000030,45000199,000030,100033,1000,0001,100,EA
80000178,000010,45000200,000010,100001,2010,0002,17,EA
80000178,000020,45000200,000020,100042,1010,0002,77,EA
80000178,000030,45000200,000030,100001,1010,0001,33,EA
80000179,000010,45000201,000010,100020,3010,0002,91,EA
80000179,000020,45000201,000020,100042,2000,0002,55,EA
80000179,000030,45000201,000030,100025,2000,0002,59,EA
80000180,000010,45000202,000010,100014,2010,0002,27,EA
80000180,000020,45000202,000020,100044,3000,0002,80,EA
80000181,000010,45000203,000010,100038,1000,0001,1,EA
80000181,000020,45000203,000020,100033,3010,0001,26,EA
80000182,000010,45000204,000010,100042,3000,0002,78,EA
80000182,000020,45000204,000020,100019,2000,0001,88,EA
80000182,000030,45000204,000030,100007,2010,0002,9,EA
80000183,000010,45000206,000010,100042,2000,0001,25,EA
80000183,000020,45000206,000020,100010,3000,0001,98,EA
80000183,000030,45000206,000030,100016,1000,0001,77,EA
80000184,000010,45000207,000010,100043,2000,0002,88,EA
80000184,000020,45000207,000020,100009,3010,0002,4,EA
80000185,000010,45000208,000010,100032,2000,0002,34,EA
80000185,000020,45000208,000020,100027,2010,0002,50,EA
80000185,000030,45000208,000030,100048,1000,0001,75,EA
80000186,000010,45000209,000010,100037,1010,0002,44,EA
80000186,000020,45000209,000020,100047,3010,0002,29,EA
80000186,000030,45000209,000030,100044,3000,0002,82,EA
80000187,000010,45000210,000010,100043,2000,0002,37,EA
80000187,000020,45000210,000020,100020,1010,0002,85,EA
80000188,000010,45000211,000010,100012,2000,0001,13,EA
80000188,000020,45000211,000020,100031,1010,0002,95,EA
80000188,000030,45000211,000030,100017,3010,0002,72,EA
80000189,000010,45000213,000010,100015,2000,0002,17,EA
80000190,000010,45000214,000010,100020,2010,0001,32,EA
80000190,000020,45000214,000020,100024,2000,0002,75,EA
80000190,000030,45000214,000030,100019,2010,0001,16,EA
80000191,000010,45000215,000010,100004,3010,0001,75,EA
80000191,000020,45000215,000020,100038,3000,0002,6,EA
80000192,000010,45000216,000010,100013,3000,0002,16,EA
80000192,000020,45000216,000020,100044,2010,0001,68,EA
80000193,000010,45000217,000010,100027,1000,0002,20,EA
80000193,000020,45000217,000020,100009,1010,0002,44,EA
80000194,000010,45000218,000010,100037,2010,0002,19,EA
80000194,000020,45000218,000020,100021,3010,0002,24,EA
80000195,000010,45000219,000010,100032,2000,0002,81,EA
80000196,000010,45000220,000010,100021,3010,0001,8,EA
80000197,000010,45000221,000010,100029,2000,0001,27,EA
80000198,000010,45000222,000010,100037,1010,0002,63,EA
80000199,000010,45000224,000010,100028,2010,0002,55,EA
80000199,000020,45000224,000020,100031,2010,0002,1,EA
80000199,000030,45000224,000030,100003,3000,0002,26,EA
80000200,000010,45000225,000010,100024,1000,0002,42,EA
80000200,000020,45000225,000020,100049,3000,0002,25,EA
80000200,000030,45000225,000030,100002,3010,0001,1,EA
80000201,000010,45000227,000010,100038,2000,0001,22,EA
80000201,000020,45000227,000020,100005,1000,0001,39,EA
80000201,000030,45000227,000030,100019,2010,0002,94,EA
80000202,000010,45000228,000010,100039,3000,0001,44,EA
80000202,000020,45000228,000020,100028,3010,0001,18,EA
80000202,000030,45000228,000030,100022,2010,0001,46,EA
80000203,000010,45000229,000010,100011,2010,0001,3,EA
80000204,000010,45000230,000010,100015,3010,0001,17,EA
80000205,000010,45000231,000010,100047,1000,0001,71,EA
80000206,000010,45000232,000010,100011,1000,0001,30,EA
80000206,000020,45000232,000020,100046,3010,0002,5,EA
80000206,000030,45000232,000030,100025,3010,0001,33,EA
80000207,000010,45000233,000010,100040,1000,0001,77,EA
80000207,000020,45000233,000020,100004,3010,0002,14,EA
80000207,000030,45000233,000030,100042,1000,0002,7,EA
80000208,000010,45000234,000010,100008,2010,0002,57,EA
80000208,000020,45000234,000020,100025,1000,0001,71,EA
80000208,000030,45000234,000030,100017,2010,0001,90,EA
80000209,000010,45000235,000010,100014,3010,0001,88,EA
80000210,000010,45000236,000010,100001,2000,0002,54,EA
80000210,000020,45000236,000020,100043,1000,0001,85,EA
80000210,000030,45000236,000030,100034,2000,0001,80,EA
80000211,000010,45000237,000010,100045,1010,0001,54,EA
80000211,000020,45000237,000020,100007,3000,0002,62,EA
80000211,000030,45000237,000030,100040,1000,0002,37,EA
80000212,000010,45000238,000010,100007,2010,0002,26,EA
80000213,000010,45000239,000010,100013,2000,0002,67,EA
80000213,000020,45000239,000020,100013,2000,0001,91,EA
80000213,000030,45000239,000030,100027,2000,0002,21,EA
80000214,000010,45000240,000010,100036,2010,0001,27,EA
80000215,000010,45000241,000010,100031,2000,0001,28,EA
80000215,000020,45000241,000020,100001,1000,0001,86,EA
80000215,000030,45000241,000030,100006,1000,0001,74,EA
80000216,000010,45000242,000010,100032,1010,0001,12,EA
80000216,000020,45000242,000020,100050,3000,0001,10,EA
80000216,000030,45000242,000030,100047,3010,0002,13,EA
80000217,000010,45000243,000010,100042,1010,0002,59,EA
80000217,000020,45000243,000020,100019,2000,0001,60,EA
80000218,000010,45000244,000010,100007,1010,0002,6,EA
80000219,000010,45000245,000010,100024,3010,0001,41,EA
80000219,000020,45000245,000020,100028,3010,0002,15,EA
80000220,000010,45000246,000010,100049,1000,0002,2,EA
80000221,000010,45000247,000010,100043,3010,0001,22,EA
80000222,000010,45000249,000010,100022,1010,0002,15,EA
80000222,000020,45000249,000020,100026,2010,0002,59,EA
80000223,000010,45000250,000010,100025,3010,0001,57,EA
80000223,000020,45000250,000020,100027,3010,0002,22,EA
80000224,000010,45000251,000010,100009,3010,0001,93,EA
80000225,000010,45000252,000010,100011,1000,0002,54,EA
80000226,000010,45000253,000010,100031,3000,0001,87,EA
80000226,000020,45000253,000020,100029,1010,0001,79,EA
80000226,000030,45000253,000030,100025,2000,0002,67,EA
80000227,000010,45000254,000010,100044,3010,0002,17,EA
80000228,000010,45000255,000010,100032,1000,0002,53,EA
80000228,000020,45000255,000020,100029,1000,0001,9,EA
80000229,000010,45000256,000010,100042,2000,0002,2,EA
80000229,000020,45000256,000020,100046,3010,0001,68,EA
80000230,000010,45000257,000010,100037,3010,0002,73,EA
80000230,000020,45000257,000020,100015,3010,0002,44,EA
80000230,000030,45000257,000030,100034,3000,0002,89,EA
80000231,000010,45000258,000010,100040,1000,0001,42,EA
80000231,000020,45000258,000020,100043,3010,0001,32,EA
80000231,000030,45000258,000030,100031,2000,0001,85,EA
80000232,000010,45000259,000010,100042,2010,0001,20,EA
80000232,000020,45000259,000020,100036,3000,0002,7,EA
80000232,000030,45000259,000030,100001,3010,0001,11,EA
80000233,000010,45000260,000010,100031,2010,0001,22,EA
80000233,000020,45000260,000020,100005,2010,0001,42,EA
80000233,000030,45000260,000030,100016,2000,0001,26,EA
80000234,000010,45000261,000010,100033,1010,0002,71,EA
80000235,000010,45000262,000010,100025,2010,0002,31,EA
80000235,000020,45000262,000020,100006,2010,0002,57,EA
80000235,000030,45000262,000030,100037,2010,0001,12,EA
80000236,000010,45000264,000010,100007,2010,0001,39,EA
80000237,000010,45000265,000010,100036,3000,0002,1,EA
80000238,000010,45000267,000010,100033,3000,0002,27,EA
80000238,000020,45000267,000020,100042,3010,0001,59,EA
80000239,000010,45000268,000010,100024,1000,0002,29,EA
80000239,000020,45000268,000020,100030,2000,0001,72,EA
80000240,000010,45000269,000010,100039,2010,0002,92,EA
80000240,000020,45000269,000020,100043,2000,0002,92,EA
80000240,000030,45000269,000030,100029,1000,0002,13,EA
80000241,000010,45000270,000010,100015,1000,0001,44,EA
80000241,000020,45000270,000020,100023,3010,0001,36,EA
80000241,000030,45000270,000030,100036,3000,0002,48,EA
80000242,000010,45000271,000010,100007,1000,0001,22,EA
80000242,000020,45000271,000020,100032,1010,0002,92,EA
80000242,000030,45000271,000030,100048,3010,0001,43,EA
80000243,000010,45000272,000010,100017,3000,0002,26,EA
80000244,000010,45000273,000010,100008,2010,0001,28,EA
80000245,000010,45000275,000010,100044,3000,0002,10,EA
80000245,000020,45000275,000020,100050,2010,0001,59,EA
80000245,000030,45000275,000030,100043,3000,0001,65,EA
80000246,000010,45000276,000010,100032,1000,0001,68,EA
80000247,000010,45000277,000010,100004,3000,0001,56,EA
80000247,000020,45000277,000020,100038,2010,0002,66,EA
80000247,000030,45000277,000030,100050,1010,0002,89,EA
80000248,000010,45000278,000010,100012,3010,0001,17,EA
80000248,000020,45000278,000020,100007,2010,0002,85,EA
80000248,000030,45000278,000030,100039,3000,0001,42,EA
80000249,000010,45000279,000010,100025,2010,0002,78,EA
80000249,000020,45000279,000020,100045,1010,0001,31,EA
80000249,000030,45000279,000030,100026,2000,0001,38,EA
80000250,000010,45000280,000010,100009,1010,0002,53,EA
80000250,000020,45000280,000020,100039,3010,0002,96,EA
80000251,000010,45000281,000010,100020,3010,0002,71,EA
80000251,000020,45000281,000020,100021,3010,0002,95,EA
80000251,000030,45000281,000030,100036,3010,0002,28,EA
80000252,000010,45000282,000010,100014,3000,0001,77,EA
80000253,000010,45000283,000010,100044,2000,0002,87,EA
80000253,000020,45000283,000020,100009,3010,0001,84,EA
80000254,000010,45000284,000010,100033,3000,0001,89,EA
80000255,000010,45000285,000010,100021,3010,0001,15,EA
80000255,000020,45000285,000020,100049,2000,0001,68,EA
80000255,000030,45000285,000030,100031,3000,0001,74,EA
80000256,000010,45000286,000010,100046,2010,0001,87,EA
80000256,000020,45000286,000020,100048,3000,0002,25,EA
80000256,000030,45000286,000030,100028,1000,0001,67,EA
80000257,000010,45000287,000010,100002,2010,0002,19,EA
80000258,000010,45000288,000010,100043,1000,0001,21,EA
80000259,000010,45000290,000010,100045,2000,0002,27,EA
80000260,000010,45000291,000010,100003,2000,0001,53,EA
80000260,000020,45000291,000020,100007,3000,0001,87,EA
80000260,000030,45000291,000030,100048,3000,0002,29,EA
80000261,000010,45000293,000010,100025,2010,0001,54,EA
80000262,000010,45000294,000010,100021,3000,0001,4,EA
80000262,000020,45000294,000020,100001,3010,0001,33,EA
80000262,000030,45000294,000030,100013,3000,0001,100,EA
80000263,000010,45000296,000010,100035,3010,0001,78,EA
80000263,000020,45000296,000020,100013,3010,0001,25,EA
80000263,000030,45000296,000030,100019,2010,0002,23,EA
80000264,000010,45000297,000010,100005,1010,0002,23,EA
80000264,000020,45000297,000020,100048,3000,0001,16,EA
80000264,000030,45000297,000030,100025,1000,0001,55,EA
80000265,000010,45000298,000010,100036,2000,0001,17,EA
80000265,000020,45000298,000020,100011,3000,0002,33,EA
80000266,000010,45000299,000010,100022,2010,0001,91,EA
80000267,000010,45000300,000010,100003,1010,0001,42,EA
80000268,000010,45000302,000010,100046,2000,0001,68,EA
80000269,000010,45000303,000010,100012,3000,0001,9,EA
80000270,000010,45000305,000010,100022,2000,0002,47,EA
80000270,000020,45000305,000020,100019,1010,0002,97,EA
80000270,000030,45000305,000030,100040,3000,0002,52,EA
80000271,000010,45000307,000010,100040,1010,0002,4,EA
80000271,000020,45000307,000020,100044,2000,0002,49,EA
80000271,000030,45000307,000030,100008,2010,0002,22,EA
80000272,000010,45000308,000010,100047,2000,0001,4,EA
80000272,000020,45000308,000020,100034,2000,0002,66,EA
80000272,000030,45000308,000030,100033,2010,0001,63,EA
80000273,000010,45000309,000010,100019,3010,0001,25,EA
80000274,000010,45000310,000010,100033,1000,0002,13,EA
80000274,000020,45000310,000020,100011,3000,0002,69,EA
80000275,000010,45000311,000010,100041,1000,0001,27,EA
80000276,000010,45000312,000010,100041,1010,0001,88,EA
80000276,000020,45000312,000020,100028,1000,0001,16,EA
80000276,000030,45000312,000030,100035,3010,0001,95,EA
80000277,000010,45000314,000010,100046,2000,0001,5,EA
80000277,000020,45000314,000020,100006,1000,0001,7,EA
80000278,000010,45000315,000010,100017,3000,0002,10,EA
80000279,000010,45000316,000010,100015,2000,0001,53,EA
80000279,000020,45000316,000020,100025,2010,0002,81,EA
80000279,000030,45000316,000030,100026,2010,0002,41,EA
80000280,000010,45000317,000010,100025,3010,0001,15,EA
80000281,000010,45000318,000010,100001,3010,0002,93,EA
80000281,000020,45000318,000020,100040,1000,0002,97,EA
80000281,000030,45000318,000030,100048,3000,0001,6,EA
80000282,000010,45000319,000010,100005,2000,0002,65,EA
80000282,000020,45000319,000020,100007,2000,0001,58,EA
80000282,000030,45000319,000030,100020,3000,0001,12,EA
80000283,000010,45000320,000010,100049,2010,0001,49,EA
80000283,000020,45000320,000020,100026,3010,0001,4,EA
80000284,000010,45000321,000010,100011,3000,0001,29,EA
80000284,000020,45000321,000020,100009,3010,0002,51,EA
80000285,000010,45000322,000010,100019,3010,0002,19,EA
80000285,000020,45000322,000020,100020,3010,0001,84,EA
80000285,000030,45000322,000030,100042,2000,0001,1,EA
80000286,000010,45000323,000010,100036,1010,0002,16,EA
80000286,000020,45000323,000020,100003,1000,0002,53,EA
80000286,000030,45000323,000030,100039,2010,0001,69,EA
80000287,000010,45000324,000010,100006,2000,0001,27,EA
80000287,000020,45000324,000020,100048,3010,0001,93,EA
80000287,000030,45000324,000030,100023,1010,0001,35,EA
80000288,000010,45000325,000010,100033,1010,0001,21,EA
80000288,000020,45000325,000020,100012,1010,0002,79,EA
80000288,000030,45000325,000030,100017,1010,0001,15,EA
80000289,000010,45000326,000010,100043,3000,0001,7,EA
80000290,000010,45000327,000010,100030,3010,0001,71,EA
80000290,000020,45000327,000020,100005,2000,0001,86,EA
80000290,000030,45000327,000030,100005,2000,0001,13,EA
80000291,000010,45000328,000010,100047,3000,0002,63,EA
80000292,000010,45000330,000010,100040,1000,0001,25,EA
80000292,000020,45000330,000020,100021,2010,0002,58,EA
80000293,000010,45000331,000010,100040,3010,0002,40,EA
80000293,000020,45000331,000020,100045,3000,0001,20,EA
80000294,000010,45000332,000010,100037,2000,0001,41,EA
80000294,000020,45000332,000020,100028,1010,0002,1,EA
80000294,000030,45000332,000030,100021,1010,0001,29,EA
80000295,000010,45000333,000010,100048,3010,0001,45,EA
80000295,000020,45000333,000020,100018,2000,0002,18,EA
80000295,000030,45000333,000030,100044,3010,0002,43,EA
80000296,000010,45000334,000010,100030,2010,0001,36,EA
80000296,000020,45000334,000020,100050,2000,0001,59,EA
80000297,000010,45000335,000010,100007,1010,0002,83,EA
80000297,000020,45000335,000020,100039,1000,0001,36,EA
80000297,000030,45000335,000030,100009,3000,0001,26,EA
80000298,000010,45000337,000010,100041,1000,0002,75,EA
80000298,000020,45000337,000020,100038,2010,0001,99,EA
80000298,000030,45000337,000030,100038,1010,0001,5,EA
80000299,000010,45000338,000010,100017,3000,0001,36,EA
80000299,000020,45000338,000020,100031,3010,0001,100,EA
80000299,000030,45000338,000030,100010,2000,0002,51,EA
80000300,000010,45000339,000010,100050,3000,0002,94,EA
80000301,000010,45000340,000010,100009,2010,0001,65,EA
80000301,000020,45000340,000020,100033,1000,0002,51,EA
80000302,000010,45000341,000010,100033,1000,0001,85,EA
80000302,000020,45000341,000020,100016,3000,0001,88,EA
80000303,000010,45000342,000010,100049,3000,0001,18,EA
80000304,000010,45000343,000010,100011,1010,0001,73,EA
80000304,000020,45000343,000020,100037,3010,0002,12,EA
80000305,000010,45000344,000010,100047,2010,0001,46,EA
80000305,000020,45000344,000020,100003,1010,0001,98,EA
80000305,000030,45000344,000030,100032,1010,0001,9,EA
80000306,000010,45000345,000010,100024,1010,0001,6,EA
80000306,000020,45000345,000020,100043,1010,0002,67,EA
80000307,000010,45000346,000010,100025,2010,0002,59,EA
80000307,000020,45000346,000020,100003,1000,0002,84,EA
80000308,000010,45000347,000010,100007,3010,0001,67,EA
80000308,000020,45000347,000020,100041,2000,0001,95,EA
80000309,000010,45000348,000010,100038,3000,0001,73,EA
80000309,000020,45000348,000020,100012,2010,0001,84,EA
80000310,000010,45000349,000010,100024,3000,0001,45,EA
80000310,000020,45000349,000020,100005,3000,0002,33,EA
80000311,000010,45000350,000010,100015,3000,0001,52,EA
80000311,000020,45000350,000020,100023,2000,0001,32,EA
80000312,000010,45000351,000010,100039,1000,0001,65,EA
80000312,000020,45000351,000020,100009,2010,0001,22,EA
80000313,000010,45000352,000010,100005,3000,0002,83,EA
80000314,000010,45000353,000010,100014,1010,0002,24,EA
80000314,000020,45000353,000020,100011,2000,0001,78,EA
80000315,000010,45000356,000010,100016,1000,0001,17,EA
80000316,000010,45000357,000010,100038,1010,0002,18,EA
80000316,000020,45000357,000020,100041,3000,0001,6,EA
80000316,000030,45000357,000030,100037,1010,0001,8,EA
80000317,000010,45000358,000010,100017,1010,0001,67,EA
80000318,000010,45000359,000010,100039,3000,0002,82,EA
80000318,000020,45000359,000020,100002,3010,0002,94,EA
80000319,000010,45000360,000010,100019,1000,0002,28,EA
80000319,000020,45000360,000020,100029,3000,0001,61,EA
80000319,000030,45000360,000030,100031,1010,0001,29,EA
80000320,000010,45000361,000010,100039,1010,0002,75,EA
80000320,000020,45000361,000020,100050,1010,0001,80,EA
80000321,000010,45000362,000010,100033,2000,0002,22,EA
80000321,000020,45000362,000020,100047,3010,0002,44,EA
80000321,000030,45000362,000030,100030,3000,0002,76,EA
80000322,000010,45000363,000010,100015,2010,0002,50,EA
80000323,000010,45000364,000010,100007,1000,0002,26,EA
80000324,000010,45000365,000010,100033,3010,0001,54,EA
80000324,000020,45000365,000020,100010,3000,0002,13,EA
80000324,000030,45000365,000030,100012,2010,0001,79,EA
80000325,000010,45000367,000010,100035,1000,0002,100,EA
80000325,000020,45000367,000020,100044,3010,0001,56,EA
80000325,000030,45000367,000030,100034,2010,0001,27,EA
80000326,000010,45000368,000010,100045,3000,0001,55,EA
80000327,000010,45000369,000010,100031,2010,0001,45,EA
80000328,000010,45000370,000010,100048,3010,0002,55,EA
80000328,000020,45000370,000020,100007,2010,0002,18,EA
80000328,000030,45000370,000030,100017,2010,0001,99,EA
80000329,000010,45000371,000010,100006,2000,0001,77,EA
80000330,000010,45000373,000010,100034,1000,0001,49,EA
80000331,000010,45000374,000010,100014,3010,0001,41,EA
80000331,000020,45000374,000020,100027,2000,0002,14,EA
80000331,000030,45000374,000030,100010,2010,0001,84,EA
80000332,000010,45000375,000010,100017,2000,0002,69,EA
80000332,000020,45000375,000020,100028,3000,0001,47,EA
80000332,000030,45000375,000030,100040,2000,0002,59,EA
80000333,000010,45000376,000010,100049,1010,0001,53,EA
80000333,000020,45000376,000020,100036,3000,0001,62,EA
80000334,000010,45000377,000010,100024,3000,0001,72,EA
80000335,000010,45000378,000010,100017,2000,0002,74,EA
80000335,000020,45000378,000020,100023,3010,0002,33,EA
80000336,000010,45000380,000010,100033,2010,0002,44,EA
80000337,000010,45000381,000010,100040,3010,0001,88,EA
80000337,000020,45000381,000020,100046,1000,0002,18,EA
80000337,000030,45000381,000030,100025,3010,0001,1,EA
80000338,000010,45000382,000010,100010,2010,0001,63,EA
80000339,000010,45000383,000010,100006,1000,0002,34,EA
80000339,000020,45000383,000020,100015,2000,0001,11,EA
80000340,000010,45000384,000010,100003,3010,0002,50,EA
80000340,000020,45000384,000020,100026,3000,0001,84,EA
80000340,000030,45000384,000030,100034,2000,0002,92,EA
80000341,000010,45000387,000010,100040,1010,0001,87,EA
80000342,000010,45000388,000010,100024,1010,0002,49,EA
80000343,000010,45000389,000010,100011,1000,0002,20,EA
80000344,000010,45000391,000010,100001,3010,0002,61,EA
80000344,000020,45000391,000020,100005,1000,0002,71,EA
80000344,000030,45000391,000030,100019,3010,0002,72,EA
80000345,000010,45000392,000010,100023,2000,0001,36,EA
80000345,000020,45000392,000020,100015,3000,0001,25,EA
80000345,000030,45000392,000030,100030,2010,0001,74,EA
80000346,000010,45000393,000010,100017,1010,0002,38,EA
80000347,000010,45000394,000010,100007,3000,0002,10,EA
80000347,000020,45000394,000020,100033,2000,0002,29,EA
80000347,000030,45000394,000030,100008,3000,0002,33,EA
80000348,000010,45000395,000010,100037,2000,0001,53,EA
80000348,000020,45000395,000020,100029,2010,0002,73,EA
80000348,000030,45000395,000030,100031,1010,0002,84,EA
80000349,000010,45000396,000010,100050,2010,0002,88,EA
80000349,000020,45000396,000020,100030,3000,0001,4,EA
80000350,000010,45000399,000010,100016,2000,0002,12,EA
80000350,000020,45000399,000020,100026,3010,0001,96,EA
80000351,000010,45000401,000010,100037,2000,0002,24,EA
80000352,000010,45000402,000010,100044,1010,0002,64,EA
80000352,000020,45000402,000020,100048,1010,0001,31,EA
80000352,000030,45000402,000030,100048,1010,0001,27,EA
80000353,000010,45000403,000010,100015,1010,0002,32,EA
80000354,000010,45000404,000010,100023,1010,0001,100,EA
80000354,000020,45000404,000020,100007,1000,0001,11,EA
80000354,000030,45000404,000030,100044,3010,0001,53,EA
80000355,000010,45000405,000010,100001,3000,0001,6,EA
80000355,000020,45000405,000020,100031,2000,0002,80,EA
80000355,000030,45000405,000030,100021,2010,0001,67,EA
80000356,000010,45000406,000010,100032,1010,0002,98,EA
80000356,000020,45000406,000020,100033,2000,0002,30,EA
80000357,000010,45000407,000010,100049,3000,0002,17,EA
80000358,000010,45000408,000010,100034,2010,0001,57,EA
80000359,000010,45000409,000010,100003,3000,0002,28,EA
80000359,000020,45000409,000020,100026,3010,0002,100,EA
80000359,000030,45000409,000030,100012,2010,0001,16,EA
80000360,000010,45000410,000010,100034,2010,0002,41,EA
80000360,000020,45000410,000020,100045,1000,0002,2,EA
80000360,000030,45000410,000030,100044,1010,0001,33,EA
80000361,000010,45000411,000010,100007,2000,0002,47,EA
80000361,000020,45000411,000020,100040,2000,0001,24,EA
80000361,000030,45000411,000030,100036,2000,0002,31,EA
80000362,000010,45000414,000010,100018,2010,0002,24,EA
80000362,000020,45000414,000020,100037,1010,0002,74,EA
80000363,000010,45000415,000010,100015,1000,0002,93,EA
80000363,000020,45000415,000020,100018,1010,0001,72,EA
80000363,000030,45000415,000030,100028,2010,0001,26,EA
80000364,000010,45000416,000010,100048,1010,0002,61,EA
80000365,000010,45000417,000010,100012,2010,0001,32,EA
80000366,000010,45000419,000010,100021,2010,0002,27,EA
80000366,000020,45000419,000020,100017,3000,0001,73,EA
80000366,000030,45000419,000030,100004,2010,0001,13,EA
80000367,000010,45000420,000010,100011,1000,0001,16,EA
80000367,000020,45000420,000020,100017,2010,0001,81,EA
80000367,000030,45000420,000030,100007,2010,0001,88,EA
80000368,000010,45000421,000010,100017,2000,0002,47,EA
80000368,000020,45000421,000020,100036,3000,0001,33,EA
80000369,000010,45000422,000010,100002,2010,0001,16,EA
80000369,000020,45000422,000020,100023,3010,0002,78,EA
80000370,000010,45000423,000010,100037,3000,0001,84,EA
80000371,000010,45000424,000010,100035,1010,0001,100,EA
80000371,000020,45000424,000020,100019,2000,0002,42,EA
80000371,000030,45000424,000030,100044,3000,0001,63,EA
80000372,000010,45000425,000010,100029,1000,0001,49,EA
80000372,000020,45000425,000020,100040,2000,0001,34,EA
80000372,000030,45000425,000030,100041,1010,0001,22,EA
80000373,000010,45000426,000010,100022,2010,0002,81,EA
80000373,000020,45000426,000020,100040,3000,0002,52,EA
80000373,000030,45000426,000030,100005,1000,0002,21,EA
80000374,000010,45000427,000010,100015,2000,0002,41,EA
80000374,000020,45000427,000020,100042,2000,0002,78,EA
80000375,000010,45000428,000010,100039,3010,0002,51,EA
80000375,000020,45000428,000020,100018,2010,0001,100,EA
80000376,000010,45000429,000010,100048,3000,0001,67,EA
80000376,000020,45000429,000020,100029,2010,0001,22,EA
80000377,000010,45000430,000010,100002,1010,0002,94,EA
80000378,000010,45000431,000010,100043,2000,0001,96,EA
80000379,000010,45000433,000010,100004,1000,0001,99,EA
80000379,000020,45000433,000020,100026,3000,0001,98,EA
80000379,000030,45000433,000030,100006,1000,0002,34,EA
80000380,000010,45000434,000010,100010,1000,0002,84,EA
80000380,000020,45000434,000020,100025,2000,0001,30,EA
80000380,000030,45000434,000030,100016,3010,0002,37,EA
80000381,000010,45000435,000010,100041,1010,0001,12,EA
80000381,000020,45000435,000020,100034,1010,0002,4,EA
80000382,000010,45000436,000010,100043,2000,0001,42,EA
80000383,000010,45000437,000010,100030,3000,0001,35,EA
80000383,000020,45000437,000020,100036,2010,0001,18,EA
80000384,000010,45000438,000010,100035,1010,0002,76,EA
80000384,000020,45000438,000020,100039,2010,0002,81,EA
80000384,000030,45000438,000030,100048,3010,0002,73,EA
80000385,000010,45000439,000010,100034,3010,0001,82,EA
80000385,000020,45000439,000020,100035,2000,0001,45,EA
80000386,000010,45000443,000010,100001,3010,0001,63,EA
80000386,000020,45000443,000020,100049,2010,0002,39,EA
80000386,000030,45000443,000030,100001,2010,0001,38,EA
80000387,000010,45000444,000010,100015,1000,0001,71,EA
80000387,000020,45000444,000020,100024,1010,0002,53,EA
80000387,000030,45000444,000030,100036,2010,0001,51,EA
80000388,000010,45000445,000010,100011,3010,0002,95,EA
80000389,000010,45000446,000010,100025,2010,0002,29,EA
80000389,000020,45000446,000020,100017,1000,0002,55,EA
80000389,000030,45000446,000030,100041,1010,0002,67,EA
80000390,000010,45000447,000010,100045,3010,0001,35,EA
80000390,000020,45000447,000020,100019,3010,0001,96,EA
80000390,000030,45000447,000030,100035,2000,0001,53,EA
80000391,000010,45000448,000010,100005,1010,0002,11,EA
80000392,000010,45000449,000010,100008,3010,0001,59,EA
80000392,000020,45000449,000020,100040,2010,0002,35,EA
80000393,000010,45000450,000010,100040,2010,0001,25,EA
80000393,000020,45000450,000020,100021,1000,0001,20,EA
80000393,000030,45000450,000030,100004,3000,0001,3,EA
80000394,000010,45000451,000010,100007,2000,0002,35,EA
80000395,000010,45000453,000010,100015,1000,0001,14,EA
80000396,000010,45000454,000010,100032,1010,0001,44,EA
80000397,000010,45000455,000010,100020,2010,0002,48,EA
80000397,000020,45000455,000020,100030,3010,0001,5,EA
80000398,000010,45000456,000010,100006,1010,0002,8,EA
80000398,000020,45000456,000020,100018,2010,0001,10,EA
80000399,000010,45000457,000010,100031,1010,0002,25,EA
80000399,000020,45000457,000020,100017,2010,0001,2,EA
80000399,000030,45000457,000030,100008,3010,0002,32,EA
80000400,000010,45000458,000010,100050,2010,0002,32,EA
80000400,000020,45000458,000020,100048,1000,0001,26,EA
80000401,000010,45000459,000010,100048,1000,0002,34,EA
80000401,000020,45000459,000020,100043,1010,0001,61,EA
80000402,000010,45000460,000010,100044,2000,0002,42,EA
80000402,000020,45000460,000020,100011,3010,0001,94,EA
80000403,000010,45000461,000010,100048,3000,0002,67,EA
80000404,000010,45000462,000010,100017,2010,0002,82,EA
80000405,000010,45000463,000010,100013,2000,0002,7,EA
80000405,000020,45000463,000020,100043,1010,0002,10,EA
80000406,000010,45000464,000010,100041,2010,0001,42,EA
80000407,000010,45000465,000010,100011,2000,0002,57,EA
80000408,000010,45000466,000010,100026,1010,0002,2,EA
80000409,000010,45000467,000010,100038,3010,0002,61,EA
80000410,000010,45000468,000010,100039,1010,0001,48,EA
80000410,000020,45000468,000020,100050,1000,0002,32,EA
80000410,000030,45000468,000030,100011,2010,0002,12,EA
80000411,000010,45000469,000010,100040,2000,0002,98,EA
80000411,000020,45000469,000020,100041,1000,0001,8,EA
80000411,000030,45000469,000030,100023,3010,0002,20,EA
80000412,000010,45000471,000010,100029,3010,0001,18,EA
80000412,000020,45000471,000020,100002,3010,0001,49,EA
80000413,000010,45000473,000010,100036,2000,0001,70,EA
80000413,000020,45000473,000020,100045,2010,0002,25,EA
80000414,000010,45000474,000010,100012,3000,0001,41,EA
80000414,000020,45000474,000020,100021,3010,0002,60,EA
80000414,000030,45000474,000030,100018,3000,0001,71,EA
80000415,000010,45000475,000010,100005,3000,0002,20,EA
80000416,000010,45000476,000010,100019,2000,0001,70,EA
80000416,000020,45000476,000020,100024,2010,0001,1,EA
80000417,000010,45000477,000010,100033,2010,0001,94,EA
80000417,000020,45000477,000020,100012,1000,0002,56,EA
80000417,000030,45000477,000030,100024,3000,0002,31,EA
80000418,000010,45000478,000010,100047,1000,0001,85,EA
80000418,000020,45000478,000020,100035,2010,0002,25,EA
80000419,000010,45000480,000010,100021,1000,0002,10,EA
80000419,000020,45000480,000020,100034,3010,0001,8,EA
80000419,000030,45000480,000030,100003,1010,0001,23,EA
80000420,000010,45000481,000010,100013,1000,0001,63,EA
80000421,000010,45000482,000010,100007,1000,0001,74,EA
80000422,000010,45000483,000010,100025,3010,0002,63,EA
80000422,000020,45000483,000020,100034,3000,0001,81,EA
80000422,000030,45000483,000030,100038,2000,0002,7,EA
80000423,000010,45000484,000010,100015,3000,0001,46,EA
80000423,000020,45000484,000020,100005,1000,0001,27,EA
80000424,000010,45000485,000010,100032,1000,0002,33,EA
80000424,000020,45000485,000020,100041,1000,0001,47,EA
80000424,000030,45000485,000030,100036,3010,0002,54,EA
80000425,000010,45000486,000010,100046,1000,0001,40,EA
80000425,000020,45000486,000020,100018,3000,0001,6,EA
80000426,000010,45000487,000010,100005,2000,0002,8,EA
80000426,000020,45000487,000020,100014,3000,0002,13,EA
80000426,000030,45000487,000030,100007,3010,0001,30,EA
80000427,000010,45000488,000010,100025,1010,0001,25,EA
80000427,000020,45000488,000020,100034,3010,0001,32,EA
80000427,000030,45000488,000030,100037,3010,0002,23,EA
80000428,000010,45000490,000010,100030,3010,0001,49,EA
80000428,000020,45000490,000020,100028,1000,0002,22,EA
80000428,000030,45000490,000030,100012,3000,0001,52,EA
80000429,000010,45000491,000010,100022,3010,0001,21,EA
80000429,000020,45000491,000020,100035,3000,0002,57,EA
80000429,000030,45000491,000030,100023,2000,0001,71,EA
80000430,000010,45000492,000010,100024,2010,0002,98,EA
80000430,000020,45000492,000020,100041,2010,0002,60,EA
80000431,000010,45000493,000010,100039,1010,0001,73,EA
80000431,000020,45000493,000020,100035,1010,0002,49,EA
80000432,000010,45000494,000010,100048,2000,0001,47,EA
80000432,000020,45000494,000020,100029,2010,0002,46,EA
80000432,000030,45000494,000030,100001,3010,0002,5,EA
80000433,000010,45000495,000010,100039,1000,0002,67,EA
80000433,000020,45000495,000020,100009,2000,0001,1,EA
80000434,000010,45000496,000010,100015,1010,0001,41,EA
80000434,000020,45000496,000020,100002,3010,0002,36,EA
80000435,000010,45000497,000010,100033,3000,0001,74,EA
80000435,000020,45000497,000020,100037,1010,0001,7,EA
80000435,000030,45000497,000030,100003,2010,0001,46,EA
80000436,000010,45000498,000010,100009,2000,0002,27,EA
80000437,000010,45000499,000010,100016,1010,0001,33,EA
80000437,000020,45000499,000020,100020,1000,0002,74,EA
80000437,000030,45000499,000030,100026,3000,0002,28,EA
80000438,000010,45000500,000010,100005,3010,0002,25,EA
80000438,000020,45000500,000020,100031,1010,0002,55,EA
80000438,000030,45000500,000030,100045,3010,0002,74,EA
80000439,000010,45000501,000010,100039,3010,0001,39,EA
80000440,000010,45000502,000010,100047,3000,0002,49,EA
80000441,000010,45000503,000010,100050,1000,0002,99,EA
80000442,000010,45000504,000010,100023,2010,0001,54,EA
80000442,000020,45000504,000020,100008,1010,0001,96,EA
80000443,000010,45000505,000010,100039,1000,0001,82,EA
80000443,000020,45000505,000020,100050,3010,0002,49,EA
80000443,000030,45000505,000030,100004,2000,0002,68,EA
80000444,000010,45000506,000010,100021,3000,0002,73,EA
80000445,000010,45000507,000010,100021,3000,0001,90,EA
80000446,000010,45000508,000010,100010,1000,0002,87,EA
80000447,000010,45000509,000010,100026,2010,0002,54,EA
80000447,000020,45000509,000020,100039,3000,0002,65,EA
80000447,000030,45000509,000030,100006,1010,0001,56,EA
80000448,000010,45000510,000010,100026,1010,0001,17,EA
80000448,000020,45000510,000020,100022,1000,0001,61,EA
80000449,000010,45000511,000010,100048,1000,0002,71,EA
80000449,000020,45000511,000020,100026,2000,0001,7,EA
80000449,000030,45000511,000030,100026,3000,0001,56,EA
80000450,000010,45000512,000010,100009,1010,0001,62,EA
80000450,000020,45000512,000020,100036,1010,0002,63,EA
80000450,000030,45000512,000030,100026,3010,0001,74,EA
80000451,000010,45000513,000010,100036,3000,0002,95,EA
80000452,000010,45000514,000010,100016,1010,0002,10,EA
80000452,000020,45000514,000020,100018,2010,0001,38,EA
80000452,000030,45000514,000030,100044,3000,0001,12,EA
80000453,000010,45000515,000010,100043,2010,0002,55,EA
80000454,000010,45000516,000010,100023,1010,0002,42,EA
80000454,000020,45000516,000020,100023,3000,0001,84,EA
80000455,000010,45000518,000010,100040,2010,0001,47,EA
80000455,000020,45000518,000020,100010,2010,0001,6,EA
80000456,000010,45000519,000010,100013,3010,0002,48,EA
80000457,000010,45000520,000010,100049,3010,0002,9,EA
80000458,000010,45000521,000010,100048,1000,0002,32,EA
80000459,000010,45000522,000010,100010,2000,0001,2,EA
80000459,000020,45000522,000020,100022,3010,0002,15,EA
80000459,000030,45000522,000030,100020,2010,0001,61,EA
80000460,000010,45000523,000010,100022,1010,0002,58,EA
80000461,000010,45000524,000010,100014,1010,0001,70,EA
80000461,000020,45000524,000020,100034,2000,0002,54,EA
80000461,000030,45000524,000030,100031,3000,0001,94,EA
80000462,000010,45000525,000010,100045,3010,0001,86,EA
80000463,000010,45000526,000010,100025,3000,0002,85,EA
80000464,000010,45000527,000010,100003,2000,0001,22,EA
80000464,000020,45000527,000020,100004,2000,0001,26,EA
80000464,000030,45000527,000030,100045,3000,0001,35,EA
80000465,000010,45000528,000010,100030,3010,0002,2,EA
80000466,000010,45000529,000010,100025,3010,0001,21,EA
80000467,000010,45000531,000010,100046,1000,0002,41,EA
80000467,000020,45000531,000020,100032,3000,0002,48,EA
80000467,000030,45000531,000030,100006,1010,0002,17,EA
80000468,000010,45000532,000010,100030,3000,0001,92,EA
80000468,000020,45000532,000020,100002,1000,0001,32,EA
80000468,000030,45000532,000030,100034,2000,0001,43,EA
80000469,000010,45000533,000010,100026,3010,0002,21,EA
80000469,000020,45000533,000020,100002,2000,0002,88,EA
80000470,000010,45000534,000010,100023,3010,0001,39,EA
80000470,000020,45000534,000020,100016,3000,0001,36,EA
80000471,000010,45000535,000010,100041,2000,0001,50,EA
80000472,000010,45000536,000010,100036,2000,0001,29,EA
80000473,000010,45000537,000010,100022,2010,0002,52,EA
80000474,000010,45000538,000010,100006,3010,0001,49,EA
80000475,000010,45000539,000010,100044,3000,0002,60,EA
80000475,000020,45000539,000020,100044,1010,0001,54,EA
80000475,000030,45000539,000030,100016,3000,0002,20,EA
80000476,000010,45000540,000010,100020,3000,0001,31,EA
80000476,000020,45000540,000020,100029,3000,0002,17,EA
80000477,000010,45000542,000010,100044,1010,0001,18,EA
80000477,000020,45000542,000020,100020,3010,0002,91,EA
80000477,000030,45000542,000030,100034,1010,0001,32,EA
80000478,000010,45000543,000010,100042,3000,0001,21,EA
80000479,000010,45000544,000010,100005,3000,0001,69,EA
80000479,000020,45000544,000020,100047,1000,0002,22,EA
80000480,000010,45000545,000010,100010,3010,0001,4,EA
80000480,000020,45000545,000020,100049,2000,0001,53,EA
80000481,000010,45000546,000010,100020,2010,0002,96,EA
80000481,000020,45000546,000020,100041,3010,0002,36,EA
80000482,000010,45000547,000010,100050,1010,0002,14,EA
80000483,000010,45000548,000010,100012,1000,0001,91,EA
80000484,000010,45000549,000010,100040,2000,0001,78,EA
80000484,000020,45000549,000020,100037,3000,0002,19,EA
80000484,000030,45000549,000030,100039,1010,0001,30,EA
80000485,000010,45000550,000010,100002,2000,0001,11,EA
80000485,000020,45000550,000020,100045,2010,0001,13,EA
80000485,000030,45000550,000030,100033,3000,0001,55,EA
80000486,000010,45000552,000010,100003,2010,0002,98,EA
80000487,000010,45000553,000010,100018,2010,0001,29,EA
80000488,000010,45000554,000010,100043,1010,0001,97,EA
80000488,000020,45000554,000020,100014,1000,0001,23,EA
80000488,000030,45000554,000030,100029,3000,0001,63,EA
80000489,000010,45000555,000010,100021,2010,0001,32,EA
80000489,000020,45000555,000020,100028,2010,0002,100,EA
80000489,000030,45000555,000030,100003,3000,0001,95,EA
80000490,000010,45000556,000010,100047,2000,0001,51,EA
80000490,000020,45000556,000020,100040,3010,0001,74,EA
80000491,000010,45000557,000010,100035,3000,0001,83,EA
80000491,000020,45000557,000020,100046,1000,0001,67,EA
80000491,000030,45000557,000030,100007,2010,0002,59,EA
80000492,000010,45000558,000010,100016,3000,0001,37,EA
80000493,000010,45000559,000010,100048,1000,0001,72,EA
80000493,000020,45000559,000020,100025,3000,0002,98,EA
80000494,000010,45000560,000010,100004,1010,0002,38,EA
80000494,000020,45000560,000020,100029,2010,0002,39,EA
80000494,000030,45000560,000030,100050,2000,0002,60,EA
80000495,000010,45000561,000010,100028,2000,0002,79,EA
80000496,000010,45000562,000010,100045,3000,0002,19,EA
80000497,000010,45000563,000010,100042,2010,0002,12,EA
80000497,000020,45000563,000020,100047,3000,0001,15,EA
80000498,000010,45000564,000010,100050,3000,0002,90,EA
80000499,000010,45000565,000010,100009,2010,0001,53,EA
80000499,000020,45000565,000020,100021,2010,0001,4,EA
80000499,000030,45000565,000030,100012,2010,0001,76,EA
80000500,000010,45000566,000010,100013,2010,0001,12,EA
80000500,000020,45000566,000020,100017,2000,0002,89,EA
80000500,000030,45000566,000030,100042,3010,0001,16,EA
80000501,000010,45000567,000010,100047,1000,0001,12,EA
80000501,000020,45000567,000020,100008,3010,0001,58,EA
80000501,000030,45000567,000030,100041,2000,0001,11,EA
80000502,000010,45000568,000010,100046,2010,0002,94,EA
80000502,000020,45000568,000020,100033,3000,0001,21,EA
80000502,000030,45000568,000030,100025,3000,0001,49,EA
80000503,000010,45000569,000010,100050,1010,0002,43,EA
80000504,000010,45000571,000010,100020,3010,0002,83,EA
80000504,000020,45000571,000020,100029,2000,0001,81,EA
80000505,000010,45000572,000010,100008,1010,0002,26,EA
80000506,000010,45000574,000010,100032,2010,0002,70,EA
80000506,000020,45000574,000020,100001,3000,0002,64,EA
80000507,000010,45000575,000010,100014,3000,0002,85,EA
80000508,000010,45000576,000010,100030,2010,0001,57,EA
80000508,000020,45000576,000020,100006,3000,0002,77,EA
80000509,000010,45000577,000010,100016,3000,0001,36,EA
80000510,000010,45000578,000010,100041,3000,0002,27,EA
80000510,000020,45000578,000020,100004,1010,0001,15,EA
80000510,000030,45000578,000030,100004,3010,0002,26,EA
80000511,000010,45000579,000010,100010,1000,0001,86,EA
80000512,000010,45000581,000010,100019,3000,0002,69,EA
80000512,000020,45000581,000020,100045,3010,0002,77,EA
80000512,000030,45000581,000030,100037,3000,0002,23,EA
80000513,000010,45000582,000010,100048,3000,0001,47,EA
80000513,000020,45000582,000020,100003,1000,0002,99,EA
80000514,000010,45000583,000010,100021,2000,0001,49,EA
80000514,000020,45000583,000020,100005,2010,0001,71,EA
80000515,000010,45000585,000010,100045,2000,0002,43,EA
80000516,000010,45000586,000010,100027,3000,0002,27,EA
80000516,000020,45000586,000020,100045,1010,0002,79,EA
80000516,000030,45000586,000030,100004,1000,0001,74,EA
80000517,000010,45000587,000010,100041,3000,0002,12,EA
80000517,000020,45000587,000020,100031,3010,0002,89,EA
80000517,000030,45000587,000030,100039,3010,0001,37,EA
80000518,000010,45000588,000010,100039,2000,0001,34,EA
80000518,000020,45000588,000020,100034,3000,0001,80,EA
80000519,000010,45000589,000010,100009,3000,0001,73,EA
80000519,000020,45000589,000020,100032,3000,0001,74,EA
80000520,000010,45000590,000010,100032,2010,0002,24,EA
80000520,000020,45000590,000020,100040,1010,0002,91,EA
80000520,000030,45000590,000030,100019,1010,0002,1,EA
80000521,000010,45000591,000010,100002,2010,0001,81,EA
80000522,000010,45000592,000010,100048,1010,0002,79,EA
80000523,000010,45000593,000010,100027,1000,0002,43,EA
80000523,000020,45000593,000020,100023,3000,0001,82,EA
80000524,000010,45000594,000010,100001,3010,0001,19,EA
80000525,000010,45000595,000010,100019,2000,0002,9,EA
80000525,000020,45000595,000020,100020,2000,0001,65,EA
80000525,000030,45000595,000030,100036,2000,0002,99,EA
80000526,000010,45000596,000010,100008,3010,0001,43,EA
80000527,000010,45000597,000010,100026,3010,0002,73,EA
80000527,000020,45000597,000020,100040,1000,0002,23,EA
80000528,000010,45000598,000010,100022,2000,0001,87,EA
80000529,000010,45000600,000010,100030,3000,0001,43,EA
80000529,000020,45000600,000020,100030,2010,0001,96,EA
80000529,000030,45000600,000030,100004,3000,0001,39,EA
80000530,000010,45000601,000010,100047,3010,0002,41,EA
80000530,000020,45000601,000020,100036,3000,0001,3,EA
80000530,000030,45000601,000030,100014,3000,0001,88,EA
80000531,000010,45000602,000010,100023,1000,0001,20,EA
80000531,000020,45000602,000020,100018,1000,0001,44,EA
80000532,000010,45000603,000010,100041,3000,0001,22,EA
80000532,000020,45000603,000020,100037,3000,0001,26,EA
80000533,000010,45000604,000010,100039,1000,0001,97,EA
80000534,000010,45000606,000010,100032,1010,0001,48,EA
80000535,000010,45000607,000010,100020,1010,0002,68,EA
80000535,000020,45000607,000020,100020,1010,0002,15,EA
80000536,000010,45000608,000010,100003,1010,0001,7,EA
80000536,000020,45000608,000020,100029,3000,0002,4,EA
80000537,000010,45000609,000010,100033,1010,0002,25,EA
80000537,000020,45000609,000020,100022,2010,0002,94,EA
80000538,000010,45000610,000010,100020,2000,0001,19,EA
80000538,000020,45000610,000020,100050,1000,0001,36,EA
80000538,000030,45000610,000030,100044,1010,0001,27,EA
80000539,000010,45000611,000010,100003,2010,0001,50,EA
80000539,000020,45000611,000020,100046,3000,0001,15,EA
80000539,000030,45000611,000030,100001,2000,0001,6,EA
80000540,000010,45000612,000010,100039,1000,0002,43,EA
80000540,000020,45000612,000020,100030,1000,0001,14,EA
80000540,000030,45000612,000030,100034,3010,0001,96,EA
80000541,000010,45000613,000010,100002,3000,0002,98,EA
80000541,000020,45000613,000020,100020,3010,0002,27,EA
80000542,000010,45000614,000010,100013,1010,0001,37,EA
80000542,000020,45000614,000020,100018,3000,0002,41,EA
80000543,000010,45000615,000010,100043,1000,0002,35,EA
80000543,000020,45000615,000020,100010,1010,0002,31,EA
80000544,000010,45000616,000010,100001,3000,0002,72,EA
80000545,000010,45000617,000010,100007,1010,0002,70,EA
80000545,000020,45000617,000020,100023,3000,0002,41,EA
80000545,000030,45000617,000030,100018,1010,0001,91,EA
80000546,000010,45000618,000010,100037,1010,0002,22,EA
80000546,000020,45000618,000020,100005,2000,0002,79,EA
80000547,000010,45000619,000010,100035,2010,0002,7,EA
80000547,000020,45000619,000020,100009,1000,0002,61,EA
80000548,000010,45000620,000010,100004,1000,0002,50,EA
80000548,000020,45000620,000020,100004,1000,0001,50,EA
80000548,000030,45000620,000030,100026,1010,0001,91,EA
80000549,000010,45000621,000010,100038,3010,0001,89,EA
80000549,000020,45000621,000020,100045,2010,0001,79,EA
80000549,000030,45000621,000030,100023,2000,0001,43,EA
80000550,000010,45000622,000010,100046,3010,0001,69,EA
80000551,000010,45000623,000010,100049,2010,0002,66,EA
80000552,000010,45000624,000010,100006,3010,0001,60,EA
80000553,000010,45000625,000010,100030,2000,0002,88,EA
80000554,000010,45000626,000010,100046,2010,0001,61,EA
80000554,000020,45000626,000020,100015,1010,0002,19,EA
80000554,000030,45000626,000030,100040,2000,0001,47,EA
80000555,000010,45000627,000010,100012,3010,0002,86,EA
80000555,000020,45000627,000020,100022,2000,0002,59,EA
80000556,000010,45000628,000010,100002,1000,0002,61,EA
80000556,000020,45000628,000020,100008,2000,0001,62,EA
80000557,000010,45000629,000010,100011,2000,0001,99,EA
80000557,000020,45000629,000020,100023,3000,0002,74,EA
80000558,000010,45000631,000010,100007,2000,0002,72,EA
80000558,000020,45000631,000020,100042,1000,0002,36,EA
80000558,000030,45000631,000030,100035,2010,0002,52,EA
80000559,000010,45000632,000010,100027,1010,0002,80,EA
80000559,000020,45000632,000020,100016,3000,0001,21,EA
80000559,000030,45000632,000030,100031,2010,0001,9,EA
80000560,000010,45000633,000010,100014,3010,0002,76,EA
80000560,000020,45000633,000020,100028,2010,0001,73,EA
80000561,000010,45000634,000010,100035,3010,0002,31,EA
80000561,000020,45000634,000020,100012,3010,0002,86,EA
80000562,000010,45000635,000010,100048,3010,0002,74,EA
80000563,000010,45000636,000010,100008,3000,0002,77,EA
80000563,000020,45000636,000020,100030,2000,0002,72,EA
80000564,000010,45000637,000010,100029,1010,0001,40,EA
80000565,000010,45000638,000010,100005,3000,0001,14,EA
80000565,000020,45000638,000020,100044,3000,0001,99,EA
80000566,000010,45000639,000010,100021,2010,0001,46,EA
80000566,000020,45000639,000020,100043,1000,0002,12,EA
80000567,000010,45000640,000010,100009,3000,0002,97,EA
80000568,000010,45000641,000010,100001,1010,0002,85,EA
80000568,000020,45000641,000020,100010,2010,0001,45,EA
80000568,000030,45000641,000030,100019,2010,0001,74,EA
80000569,000010,45000642,000010,100029,1010,0001,27,EA
80000569,000020,45000642,000020,100044,2000,0002,39,EA
80000569,000030,45000642,000030,100037,3010,0001,39,EA
80000570,000010,45000643,000010,100046,2000,0001,12,EA
80000570,000020,45000643,000020,100038,1000,0001,79,EA
80000571,000010,45000644,000010,100026,1010,0001,38,EA
80000571,000020,45000644,000020,100004,2000,0001,71,EA
80000571,000030,45000644,000030,100004,1000,0001,91,EA
80000572,000010,45000645,000010,100023,1000,0001,37,EA
80000572,000020,45000645,000020,100002,1010,0002,56,EA
80000572,000030,45000645,000030,100045,3000,0002,51,EA
80000573,000010,45000647,000010,100031,1010,0002,25,EA
80000574,000010,45000648,000010,100025,2000,0002,35,EA
80000574,000020,45000648,000020,100010,2000,0001,86,EA
80000574,000030,45000648,000030,100009,1010,0002,2,EA
80000575,000010,45000649,000010,100042,1000,0001,19,EA
80000576,000010,45000650,000010,100032,3010,0002,56,EA
80000576,000020,45000650,000020,100009,1000,0002,18,EA
80000576,000030,45000650,000030,100042,2010,0001,59,EA
80000577,000010,45000651,000010,100039,2010,0001,80,EA
80000577,000020,45000651,000020,100012,2010,0002,66,EA
80000577,000030,45000651,000030,100028,3000,0002,58,EA
80000578,000010,45000652,000010,100023,1010,0001,24,EA
80000578,000020,45000652,000020,100028,3000,0001,1,EA
80000579,000010,45000653,000010,100032,3010,0002,31,EA
80000579,000020,45000653,000020,100046,3000,0002,35,EA
80000579,000030,45000653,000030,100027,3000,0002,74,EA
80000580,000010,45000654,000010,100003,1000,0002,73,EA
80000580,000020,45000654,000020,100031,3010,0002,48,EA
80000581,000010,45000655,000010,100038,2010,0001,89,EA
80000582,000010,45000656,000010,100010,3010,0002,94,EA
80000583,000010,45000657,000010,100049,2000,0001,60,EA
80000583,000020,45000657,000020,100034,1000,0001,67,EA
80000583,000030,45000657,000030,100040,1000,0001,25,EA
80000584,000010,45000658,000010,100041,3010,0002,85,EA
80000584,000020,45000658,000020,100043,1000,0002,88,EA
80000585,000010,45000660,000010,100033,2010,0002,74,EA
80000585,000020,45000660,000020,100047,2000,0001,54,EA
80000586,000010,45000661,000010,100019,2000,0002,17,EA
80000586,000020,45000661,000020,100003,3010,0002,77,EA
80000587,000010,45000662,000010,100020,3010,0002,73,EA
80000587,000020,45000662,000020,100017,1000,0001,81,EA
80000587,000030,45000662,000030,100031,3000,0001,22,EA
80000588,000010,45000665,000010,100009,3000,0001,36,EA
80000588,000020,45000665,000020,100018,2000,0001,2,EA
80000589,000010,45000666,000010,100008,3000,0001,23,EA
80000589,000020,45000666,000020,100038,3010,0002,20,EA
80000589,000030,45000666,000030,100043,2010,0001,48,EA
80000590,000010,45000667,000010,100017,3010,0002,18,EA
80000591,000010,45000668,000010,100012,3000,0001,4,EA
80000591,000020,45000668,000020,100022,1000,0002,19,EA
80000592,000010,45000669,000010,100010,2010,0002,97,EA
80000592,000020,45000669,000020,100027,2010,0001,31,EA
80000592,000030,45000669,000030,100043,2010,0001,93,EA
80000593,000010,45000670,000010,100011,1010,0002,74,EA
80000593,000020,45000670,000020,100047,2000,0001,7,EA
80000593,000030,45000670,000030,100042,2000,0002,97,EA
80000594,000010,45000671,000010,100004,1010,0001,60,EA
80000595,000010,45000672,000010,100031,2000,0002,61,EA
80000595,000020,45000672,000020,100048,3000,0002,15,EA
80000596,000010,45000673,000010,100044,3010,0002,50,EA
80000596,000020,45000673,000020,100031,2000,0002,19,EA
80000597,000010,45000674,000010,100028,1000,0002,37,EA
80000597,000020,45000674,000020,100029,2010,0002,81,EA
80000597,000030,45000674,000030,100021,3000,0001,88,EA
80000598,000010,45000675,000010,100007,3000,0002,82,EA
80000599,000010,45000676,000010,100028,3000,0002,84,EA
80000599,000020,45000676,000020,100018,2000,0002,35,EA
80000600,000010,45000677,000010,100007,2000,0001,84,EA
80000600,000020,45000677,000020,100038,2010,0001,60,EA
80000601,000010,45000678,000010,100048,1010,0001,94,EA
80000601,000020,45000678,000020,100044,3000,0002,99,EA
80000601,000030,45000678,000030,100013,3000,0002,44,EA
80000602,000010,45000679,000010,100045,1010,0002,37,EA
80000602,000020,45000679,000020,100036,1000,0002,52,EA
80000602,000030,45000679,000030,100001,1000,0001,2,EA
80000603,000010,45000680,000010,100007,3000,0001,14,EA
80000603,000020,45000680,000020,100044,2010,0001,45,EA
80000604,000010,45000681,000010,100047,2000,0002,33,EA
80000605,000010,45000682,000010,100003,1000,0001,80,EA
80000606,000010,45000683,000010,100004,3000,0002,85,EA
80000607,000010,45000684,000010,100039,3010,0002,16,EA
80000608,000010,45000685,000010,100008,1000,0002,78,EA
80000608,000020,45000685,000020,100009,2010,0001,85,EA
80000608,000030,45000685,000030,100049,3010,0002,51,EA
80000609,000010,45000687,000010,100019,2010,0001,85,EA
80000609,000020,45000687,000020,100005,3010,0001,59,EA
80000610,000010,45000688,000010,100050,2010,0001,89,EA
80000610,000020,45000688,000020,100043,2000,0001,33,EA
80000611,000010,45000689,000010,100050,1000,0001,36,EA
80000612,000010,45000690,000010,100025,2010,0002,43,EA
80000613,000010,45000691,000010,100017,2000,0002,23,EA
80000614,000010,45000692,000010,100005,2010,0001,26,EA
80000614,000020,45000692,000020,100040,2010,0002,23,EA
80000615,000010,45000693,000010,100032,1000,0001,19,EA
80000615,000020,45000693,000020,100035,2010,0002,28,EA
80000615,000030,45000693,000030,100040,3010,0002,14,EA
80000616,000010,45000695,000010,100047,2000,0002,100,EA
80000616,000020,45000695,000020,100029,1000,0001,64,EA
80000616,000030,45000695,000030,100010,3010,0002,47,EA
80000617,000010,45000696,000010,100003,3010,0002,50,EA
80000618,000010,45000697,000010,100010,3010,0002,43,EA
80000618,000020,45000697,000020,100026,3000,0002,1,EA
80000619,000010,45000698,000010,100046,2010,0002,62,EA
80000619,000020,45000698,000020,100028,2010,0001,94,EA
80000619,000030,45000698,000030,100050,1000,0001,70,EA
80000620,000010,45000699,000010,100001,2010,0002,89,EA
80000621,000010,45000700,000010,100008,3000,0002,69,EA
80000621,000020,45000700,000020,100023,2000,0002,88,EA
80000622,000010,45000701,000010,100026,1000,0002,81,EA
80000622,000020,45000701,000020,100042,1000,0001,47,EA
80000623,000010,45000702,000010,100022,1000,0002,47,EA
80000623,000020,45000702,000020,100049,2000,0002,83,EA
80000623,000030,45000702,000030,100013,1010,0001,71,EA
80000624,000010,45000703,000010,100025,3010,0002,25,EA
80000625,000010,45000704,000010,100045,2010,0001,14,EA
80000625,000020,45000704,000020,100041,3010,0001,46,EA
80000626,000010,45000705,000010,100006,3010,0001,57,EA
80000626,000020,45000705,000020,100048,1010,0002,18,EA
80000627,000010,45000706,000010,100013,1000,0001,93,EA
80000628,000010,45000707,000010,100016,2010,0001,50,EA
80000628,000020,45000707,000020,100005,3000,0002,83,EA
80000628,000030,45000707,000030,100020,2010,0001,60,EA
80000629,000010,45000709,000010,100026,1000,0002,28,EA
80000630,000010,45000710,000010,100043,3000,0001,59,EA
80000630,000020,45000710,000020,100044,3000,0001,20,EA
80000630,000030,45000710,000030,100048,3000,0001,30,EA
80000631,000010,45000711,000010,100003,3010,0001,17,EA
80000632,000010,45000712,000010,100042,1000,0001,61,EA
80000632,000020,45000712,000020,100040,1000,0001,32,EA
80000633,000010,45000713,000010,100042,1010,0001,2,EA
80000633,000020,45000713,000020,100012,3010,0002,7,EA
80000633,000030,45000713,000030,100020,1000,0001,59,EA
80000634,000010,45000714,000010,100011,3000,0001,9,EA
80000634,000020,45000714,000020,100007,1000,0001,64,EA
80000634,000030,45000714,000030,100039,3000,0002,21,EA
80000635,000010,45000715,000010,100013,2010,0002,44,EA
80000636,000010,45000716,000010,100044,2010,0002,42,EA
80000636,000020,45000716,000020,100008,3010,0001,74,EA
80000636,000030,45000716,000030,100035,1010,0002,42,EA
80000637,000010,45000717,000010,100049,1000,0001,76,EA
80000638,000010,45000718,000010,100022,1000,0002,16,EA
80000639,000010,45000720,000010,100029,1010,0001,53,EA
80000640,000010,45000722,000010,100025,1010,0001,3,EA
80000640,000020,45000722,000020,100032,1000,0001,1,EA
80000640,000030,45000722,000030,100001,1010,0001,12,EA
80000641,000010,45000723,000010,100042,3000,0002,37,EA
80000641,000020,45000723,000020,100027,3010,0002,99,EA
80000641,000030,45000723,000030,100031,3010,0001,17,EA
80000642,000010,45000724,000010,100010,3010,0002,35,EA
80000643,000010,45000726,000010,100032,3000,0002,12,EA
80000643,000020,45000726,000020,100041,2000,0001,45,EA
80000643,000030,45000726,000030,100027,1000,0002,72,EA
80000644,000010,45000727,000010,100013,1000,0002,49,EA
80000645,000010,45000728,000010,100040,2000,0001,98,EA
80000646,000010,45000729,000010,100033,1010,0002,33,EA
80000646,000020,45000729,000020,100050,3010,0001,85,EA
80000646,000030,45000729,000030,100014,2000,0002,7,EA
80000647,000010,45000730,000010,100008,1010,0002,88,EA
80000648,000010,45000731,000010,100032,1010,0001,21,EA
80000648,000020,45000731,000020,100043,1000,0002,7,EA
80000649,000010,45000732,000010,100024,2000,0001,23,EA
80000649,000020,45000732,000020,100028,2000,0001,43,EA
80000649,000030,45000732,000030,100040,2010,0002,6,EA
80000650,000010,45000733,000010,100048,1000,0002,69,EA
80000651,000010,45000734,000010,100011,1000,0002,63,EA
80000652,000010,45000735,000010,100008,1000,0001,31,EA
80000652,000020,45000735,000020,100047,2010,0002,76,EA
80000652,000030,45000735,000030,100038,2000,0002,54,EA
80000653,000010,45000737,000010,100050,1000,0001,42,EA
80000654,000010,45000738,000010,100007,1010,0001,95,EA
80000655,000010,45000739,000010,100013,2010,0001,29,EA
80000655,000020,45000739,000020,100005,2010,0001,75,EA
80000656,000010,45000740,000010,100004,2010,0001,19,EA
80000656,000020,45000740,000020,100014,3000,0002,59,EA
80000657,000010,45000741,000010,100025,2000,0001,18,EA
80000658,000010,45000742,000010,100047,1010,0001,81,EA
80000658,000020,45000742,000020,100023,2000,0002,26,EA
80000659,000010,45000743,000010,100009,1000,0002,89,EA
80000659,000020,45000743,000020,100037,1000,0002,22,EA
80000660,000010,45000744,000010,100008,2010,0001,59,EA
80000661,000010,45000745,000010,100011,2000,0001,29,EA
80000661,000020,45000745,000020,100019,3000,0002,21,EA
80000662,000010,45000747,000010,100038,2010,0001,60,EA
80000663,000010,45000748,000010,100001,3010,0001,35,EA
80000663,000020,45000748,000020,100048,1010,0002,32,EA
80000664,000010,45000749,000010,100028,3000,0001,29,EA
80000664,000020,45000749,000020,100038,1010,0002,70,EA
80000665,000010,45000750,000010,100027,1000,0001,6,EA
80000666,000010,45000751,000010,100047,3000,0002,4,EA
80000666,000020,45000751,000020,100028,3000,0002,51,EA
80000667,000010,45000752,000010,100045,1000,0002,58,EA
80000667,000020,45000752,000020,100032,1010,0002,11,EA
80000668,000010,45000753,000010,100049,1000,0002,89,EA
80000668,000020,45000753,000020,100047,2010,0002,28,EA
80000668,000030,45000753,000030,100009,2000,0002,38,EA
80000669,000010,45000754,000010,100042,1000,0002,3,EA
80000670,000010,45000755,000010,100043,2000,0001,21,EA
80000670,000020,45000755,000020,100046,2010,0001,74,EA
80000671,000010,45000756,000010,100038,1000,0002,59,EA
80000671,000020,45000756,000020,100030,1010,0001,91,EA
80000671,000030,45000756,000030,100026,1010,0002,48,EA
80000672,000010,45000757,000010,100030,3010,0001,82,EA
80000672,000020,45000757,000020,100001,3010,0001,10,EA
80000672,000030,45000757,000030,100025,3010,0001,40,EA
80000673,000010,45000758,000010,100003,2000,0002,55,EA
80000673,000020,45000758,000020,100049,2000,0002,90,EA
80000673,000030,45000758,000030,100040,3000,0001,74,EA
80000674,000010,45000759,000010,100044,1000,0001,80,EA
80000675,000010,45000760,000010,100048,1000,0002,66,EA
80000675,000020,45000760,000020,100044,2000,0002,7,EA
80000676,000010,45000761,000010,100025,2000,0002,60,EA
80000677,000010,45000762,000010,100003,2000,0002,47,EA
80000677,000020,45000762,000020,100012,3010,0002,72,EA
80000677,000030,45000762,000030,100046,1000,0001,72,EA
80000678,000010,45000763,000010,100050,1010,0002,18,EA
80000678,000020,45000763,000020,100022,1010,0001,70,EA
80000678,000030,45000763,000030,100008,3010,0001,62,EA
80000679,000010,45000764,000010,100049,3000,0002,90,EA
80000679,000020,45000764,000020,100014,3010,0002,98,EA
80000679,000030,45000764,000030,100015,2000,0002,31,EA
80000680,000010,45000765,000010,100033,3010,0002,41,EA
80000680,000020,45000765,000020,100018,1000,0001,5,EA
80000681,000010,45000766,000010,100023,2010,0001,63,EA
80000681,000020,45000766,000020,100033,3000,0002,16,EA
80000682,000010,45000767,000010,100046,3000,0002,87,EA
80000682,000020,45000767,000020,100035,2000,0002,58,EA
80000683,000010,45000768,000010,100024,3010,0001,89,EA
80000683,000020,45000768,000020,100005,1010,0002,59,EA
80000683,000030,45000768,000030,100006,1000,0002,41,EA
80000684,000010,45000769,000010,100019,1000,0002,14,EA
80000685,000010,45000770,000010,100018,1000,0001,90,EA
80000686,000010,45000771,000010,100032,1010,0001,27,EA
80000687,000010,45000773,000010,100029,3010,0001,67,EA
80000687,000020,45000773,000020,100002,2000,0002,25,EA
80000688,000010,45000774,000010,100002,1010,0001,67,EA
80000689,000010,45000775,000010,100022,2010,0002,75,EA
80000689,000020,45000775,000020,100022,3010,0002,83,EA
80000689,000030,45000775,000030,100021,2010,0002,56,EA
80000690,000010,45000776,000010,100045,3000,0001,71,EA
80000690,000020,45000776,000020,100029,2010,0002,39,EA
80000690,000030,45000776,000030,100037,1010,0001,40,EA
80000691,000010,45000777,000010,100017,1010,0001,62,EA
80000692,000010,45000778,000010,100019,1000,0002,19,EA
80000692,000020,45000778,000020,100023,2000,0002,59,EA
80000693,000010,45000779,000010,100040,1010,0002,92,EA
80000694,000010,45000780,000010,100019,1010,0001,23,EA
80000694,000020,45000780,000020,100046,3010,0001,86,EA
80000694,000030,45000780,000030,100010,1010,0001,31,EA
80000695,000010,45000781,000010,100003,2000,0001,37,EA
80000696,000010,45000783,000010,100014,3000,0001,91,EA
80000697,000010,45000784,000010,100043,2000,0001,36,EA
80000698,000010,45000785,000010,100024,2010,0001,70,EA
80000699,000010,45000786,000010,100035,2000,0001,16,EA
80000700,000010,45000787,000010,100026,2010,0001,99,EA
80000701,000010,45000788,000010,100030,2000,0002,20,EA
80000702,000010,45000789,000010,100048,3000,0001,40,EA
80000703,000010,45000790,000010,100042,3010,0002,36,EA
80000703,000020,45000790,000020,100031,2000,0001,97,EA
80000704,000010,45000791,000010,100043,1010,0002,73,EA
80000704,000020,45000791,000020,100047,2010,0001,44,EA
80000704,000030,45000791,000030,100045,1000,0001,94,EA
80000705,000010,45000792,000010,100003,1010,0001,87,EA
80000705,000020,45000792,000020,100036,1000,0002,40,EA
80000706,000010,45000793,000010,100026,3000,0002,29,EA
80000707,000010,45000794,000010,100023,1000,0001,38,EA
80000707,000020,45000794,000020,100004,3000,0001,83,EA
80000708,000010,45000795,000010,100038,3000,0001,29,EA
80000709,000010,45000796,000010,100013,1000,0001,11,EA
80000709,000020,45000796,000020,100035,2010,0001,87,EA
80000710,000010,45000797,000010,100006,3000,0002,51,EA
80000710,000020,45000797,000020,100013,2010,0001,41,EA
80000710,000030,45000797,000030,100039,3000,0001,44,EA
80000711,000010,45000798,000010,100043,2000,0001,51,EA
80000712,000010,45000799,000010,100046,2010,0002,29,EA
80000713,000010,45000800,000010,100024,1000,0001,37,EA
80000713,000020,45000800,000020,100023,2000,0002,40,EA
